ds,ticker,y,yhat,yhat_upper,yhat_lower
2023-07-04 00:00:00,롯데백화점에비뉴엘월드타워점,,1e-06,0.029167793096140805,1e-06
2023-07-04 00:00:00,롯데월드몰,,0.006146233726189612,0.02809727281904791,1e-06
2023-07-04 00:00:00,롯데월드잠실점,,0.008148157383699683,0.05132691754488822,1e-06
2023-07-04 00:00:00,방이동 먹자골목,,0.02773047975774161,0.029287252187696428,0.026277983407385814
2023-07-04 00:00:00,올림픽공원세계평화의문,,0.006862307007396385,0.03896470631733031,1e-06
2023-07-04 00:00:00,잠실역 롯데월드,,0.011874464776271895,0.014842177271503288,0.00881702151952193
2023-07-04 01:00:00,롯데백화점에비뉴엘월드타워점,,0.0032078866186393833,0.03609434642117929,1e-06
2023-07-04 01:00:00,롯데월드몰,,0.010633481268038106,0.030464697677249547,1e-06
2023-07-04 01:00:00,롯데월드잠실점,,0.01573549556163154,0.06085793300409017,1e-06
2023-07-04 01:00:00,방이동 먹자골목,,0.025324220684432998,0.0268820770710679,0.02380639950764054
2023-07-04 01:00:00,올림픽공원세계평화의문,,0.004097166591399359,0.03608725707549902,1e-06
2023-07-04 01:00:00,잠실역 롯데월드,,0.011918094379228241,0.014928608386501674,0.008902078466328602
2023-07-04 02:00:00,롯데백화점에비뉴엘월드타워점,,0.010984630655106877,0.04070494668253277,1e-06
2023-07-04 02:00:00,롯데월드몰,,0.013758533020100746,0.035117103346082486,1e-06
2023-07-04 02:00:00,롯데월드잠실점,,0.01869495106600438,0.06784543353252112,1e-06
2023-07-04 02:00:00,방이동 먹자골목,,0.02358095014127132,0.02520100195837456,0.022042610426184335
2023-07-04 02:00:00,올림픽공원세계평화의문,,0.006678969963564733,0.038791567709347864,1e-06
2023-07-04 02:00:00,잠실역 롯데월드,,0.012732256731920567,0.015814879881493094,0.009828891917503127
2023-07-04 03:00:00,롯데백화점에비뉴엘월드타워점,,0.012468981557908938,0.04203075570190386,1e-06
2023-07-04 03:00:00,롯데월드몰,,0.013666347401045744,0.03488828658583611,1e-06
2023-07-04 03:00:00,롯데월드잠실점,,0.015742077464066365,0.05749937016003123,1e-06
2023-07-04 03:00:00,방이동 먹자골목,,0.022531911668332055,0.024161606611102924,0.021033055891214625
2023-07-04 03:00:00,올림픽공원세계평화의문,,0.005383599893131902,0.035634840118056954,1e-06
2023-07-04 03:00:00,잠실역 롯데월드,,0.013089419229841064,0.015960154117751067,0.010205596727751797
2023-07-04 04:00:00,롯데백화점에비뉴엘월드타워점,,0.013901050060984847,0.045951855885282396,1e-06
2023-07-04 04:00:00,롯데월드몰,,0.013193518239401606,0.03457916946369349,1e-06
2023-07-04 04:00:00,롯데월드잠실점,,0.01655544769443058,0.06281367442967174,1e-06
2023-07-04 04:00:00,방이동 먹자골목,,0.0222128695989177,0.023728516207139394,0.020618366536423138
2023-07-04 04:00:00,올림픽공원세계평화의문,,0.0029715915377410023,0.037086245202006846,1e-06
2023-07-04 04:00:00,잠실역 롯데월드,,0.013477444221219537,0.01630240004255904,0.010489353242607314
2023-07-04 05:00:00,롯데백화점에비뉴엘월드타워점,,0.015441825581605551,0.04657408765376165,1e-06
2023-07-04 05:00:00,롯데월드몰,,0.013624421348082958,0.03615237358012517,1e-06
2023-07-04 05:00:00,롯데월드잠실점,,0.019544896425560024,0.06083785259014504,1e-06
2023-07-04 05:00:00,방이동 먹자골목,,0.022754383631696542,0.024230022531497475,0.021380257043671164
2023-07-04 05:00:00,올림픽공원세계평화의문,,0.002184242253868106,0.034415534960359186,1e-06
2023-07-04 05:00:00,잠실역 롯데월드,,0.01380496614719227,0.016698834679752906,0.010979828667895227
2023-07-04 06:00:00,롯데백화점에비뉴엘월드타워점,,0.01578480242533664,0.046565664688034525,1e-06
2023-07-04 06:00:00,롯데월드몰,,0.012357828156769972,0.03405124533299393,1e-06
2023-07-04 06:00:00,롯데월드잠실점,,0.021397511240898847,0.06392939879167978,1e-06
2023-07-04 06:00:00,방이동 먹자골목,,0.02448793981144213,0.026064821797620576,0.022945528146982332
2023-07-04 06:00:00,올림픽공원세계평화의문,,0.00810981940156864,0.041414427581844694,1e-06
2023-07-04 06:00:00,잠실역 롯데월드,,0.01565201653154767,0.018734776846619873,0.012617887313966058
2023-07-04 07:00:00,롯데백화점에비뉴엘월드타워점,,0.013812537441447278,0.0469331907377287,1e-06
2023-07-04 07:00:00,롯데월드몰,,0.012732175880437145,0.0359354656898569,1e-06
2023-07-04 07:00:00,롯데월드잠실점,,0.022410173034701126,0.06729747698618416,1e-06
2023-07-04 07:00:00,방이동 먹자골목,,0.02618802078377329,0.027733425409254567,0.024636848320836346
2023-07-04 07:00:00,올림픽공원세계평화의문,,0.024556949401703936,0.05866514621192572,1e-06
2023-07-04 07:00:00,잠실역 롯데월드,,0.017376932773914146,0.020275166686256937,0.01454781812767298
2023-07-04 08:00:00,롯데백화점에비뉴엘월드타워점,,0.012852932512492017,0.043986811604343076,1e-06
2023-07-04 08:00:00,롯데월드몰,,0.011717053517743558,0.03294825326392862,1e-06
2023-07-04 08:00:00,롯데월드잠실점,,0.03057854675621574,0.07391333468750212,1e-06
2023-07-04 08:00:00,방이동 먹자골목,,0.02806882750669951,0.029670512088782148,0.02654994010423817
2023-07-04 08:00:00,올림픽공원세계평화의문,,0.04712568802599908,0.07677536169631599,0.015303355804975766
2023-07-04 08:00:00,잠실역 롯데월드,,0.021014596823638675,0.024036260654433282,0.01805250870988937
2023-07-04 09:00:00,롯데백화점에비뉴엘월드타워점,,0.01736992060612438,0.04956958067608138,1e-06
2023-07-04 09:00:00,롯데월드몰,,0.009864134104617877,0.03168253112910747,1e-06
2023-07-04 09:00:00,롯데월드잠실점,,0.05217034095546991,0.09701734295633188,0.0041843263749734814
2023-07-04 09:00:00,방이동 먹자골목,,0.03012256185924897,0.031633957018481706,0.02860464558121872
2023-07-04 09:00:00,올림픽공원세계평화의문,,0.06549281675203679,0.09855615859859364,0.034335528024255
2023-07-04 09:00:00,잠실역 롯데월드,,0.026471265016379898,0.029456971615304656,0.02333093114195221
2023-07-04 10:00:00,롯데백화점에비뉴엘월드타워점,,0.031845665031879355,0.06559290410095857,0.00010909424062635061
2023-07-04 10:00:00,롯데월드몰,,0.009064035766087363,0.029602760261278258,1e-06
2023-07-04 10:00:00,롯데월드잠실점,,0.08710973683955321,0.13153927822891842,0.038180253807853386
2023-07-04 10:00:00,방이동 먹자골목,,0.03229721466458454,0.033800220536932275,0.030775508958206646
2023-07-04 10:00:00,올림픽공원세계평화의문,,0.07247390608260201,0.10319661478700201,0.040607731743830644
2023-07-04 10:00:00,잠실역 롯데월드,,0.032929479914087074,0.0359722317272819,0.029870014997217205
2023-07-04 11:00:00,롯데백화점에비뉴엘월드타워점,,0.06017040219104293,0.09173019521408367,0.029003174389879673
2023-07-04 11:00:00,롯데월드몰,,0.011751556178610843,0.03403760874976107,1e-06
2023-07-04 11:00:00,롯데월드잠실점,,0.13106360173217332,0.1750071020912969,0.08111030995999745
2023-07-04 11:00:00,방이동 먹자골목,,0.03411618829988131,0.035749540571759934,0.03252895977464852
2023-07-04 11:00:00,올림픽공원세계평화의문,,0.07313900289067249,0.10651444981451787,0.03938256228346602
2023-07-04 11:00:00,잠실역 롯데월드,,0.039809877684264916,0.04276690936282601,0.036816147686131166
2023-07-04 12:00:00,롯데백화점에비뉴엘월드타워점,,0.09095509535518441,0.12235371854580242,0.058196428339203896
2023-07-04 12:00:00,롯데월드몰,,0.010089580362478187,0.03207850576046957,1e-06
2023-07-04 12:00:00,롯데월드잠실점,,0.17638660973013537,0.22375197326772994,0.1260073135289514
2023-07-04 12:00:00,방이동 먹자골목,,0.03525894253214406,0.03657213426974372,0.03376081750822162
2023-07-04 12:00:00,올림픽공원세계평화의문,,0.0648990983351671,0.09790716364214203,0.03420918281991843
2023-07-04 12:00:00,잠실역 롯데월드,,0.04404391652154181,0.04717863077826922,0.04085137968491009
2023-07-04 13:00:00,롯데백화점에비뉴엘월드타워점,,0.11324340504939882,0.14649251356955562,0.07992273576444099
2023-07-04 13:00:00,롯데월드몰,,0.013360717874446756,0.037531797369247145,1e-06
2023-07-04 13:00:00,롯데월드잠실점,,0.19390234230485667,0.24190664954316776,0.14375063439036767
2023-07-04 13:00:00,방이동 먹자골목,,0.03488201057960552,0.036428361102792996,0.03342621083348294
2023-07-04 13:00:00,올림픽공원세계평화의문,,0.0641431854632541,0.09479690300291459,0.030160447554344598
2023-07-04 13:00:00,잠실역 롯데월드,,0.047667467935779056,0.0506759382088913,0.04440040503342784
2023-07-04 14:00:00,롯데백화점에비뉴엘월드타워점,,0.11755039696048383,0.15119823126583862,0.08431635410888846
2023-07-04 14:00:00,롯데월드몰,,0.013027078148095077,0.03744352668250027,1e-06
2023-07-04 14:00:00,롯데월드잠실점,,0.18996022745563781,0.24180144639877527,0.1379941876941194
2023-07-04 14:00:00,방이동 먹자골목,,0.03367247326812394,0.035211513194834204,0.03237294917195464
2023-07-04 14:00:00,올림픽공원세계평화의문,,0.06085206745142095,0.0936927029246397,0.028095194634304
2023-07-04 14:00:00,잠실역 롯데월드,,0.04864602983353895,0.051764167334101725,0.04543026402391927
2023-07-04 15:00:00,롯데백화점에비뉴엘월드타워점,,0.11294061414262645,0.14354675077068324,0.07963127882585636
2023-07-04 15:00:00,롯데월드몰,,0.01181154385488756,0.035281659712965215,1e-06
2023-07-04 15:00:00,롯데월드잠실점,,0.18173409159266266,0.22694505604245002,0.13185928957092743
2023-07-04 15:00:00,방이동 먹자골목,,0.03285419880225372,0.03435474978911755,0.0313994591181831
2023-07-04 15:00:00,올림픽공원세계평화의문,,0.05774877351315072,0.09009623743544423,0.024800640804384835
2023-07-04 15:00:00,잠실역 롯데월드,,0.04856732384940207,0.051753073920853425,0.04503368382194241
2023-07-04 16:00:00,롯데백화점에비뉴엘월드타워점,,0.10867911126514433,0.1431137218493504,0.07615432470554293
2023-07-04 16:00:00,롯데월드몰,,0.012604770622499978,0.037432790803159345,1e-06
2023-07-04 16:00:00,롯데월드잠실점,,0.1751606111468483,0.22548628716135424,0.12307089563985746
2023-07-04 16:00:00,방이동 먹자골목,,0.03347142215973481,0.03502541779394974,0.03194107409236262
2023-07-04 16:00:00,올림픽공원세계평화의문,,0.05283706341630832,0.08444988474265787,0.020414055699860538
2023-07-04 16:00:00,잠실역 롯데월드,,0.047650489123141154,0.05116117596636897,0.04426920625363305
2023-07-04 17:00:00,롯데백화점에비뉴엘월드타워점,,0.11089985368240511,0.14194196521699484,0.07910030853648477
2023-07-04 17:00:00,롯데월드몰,,0.01741196707899794,0.0452507734773327,1e-06
2023-07-04 17:00:00,롯데월드잠실점,,0.17265428884077044,0.22723283521153786,0.1252940803623833
2023-07-04 17:00:00,방이동 먹자골목,,0.03599970648088035,0.037542211588586984,0.034440384666955516
2023-07-04 17:00:00,올림픽공원세계평화의문,,0.051201063858947495,0.08232587728544805,0.01720738227495408
2023-07-04 17:00:00,잠실역 롯데월드,,0.04639386333170993,0.049573911092333965,0.04286016843565317
2023-07-04 18:00:00,롯데백화점에비뉴엘월드타워점,,0.1035649730466028,0.1342011657330113,0.07212001582897719
2023-07-04 18:00:00,롯데월드몰,,0.03813134778731052,0.07531935035921779,0.0019355484811694854
2023-07-04 18:00:00,롯데월드잠실점,,0.1575056157797353,0.20567832696930796,0.10783238306762893
2023-07-04 18:00:00,방이동 먹자골목,,0.03920821529948779,0.04077334650092355,0.037741094034105895
2023-07-04 18:00:00,올림픽공원세계평화의문,,0.049979398717199544,0.08498049480043234,0.01618647446200953
2023-07-04 18:00:00,잠실역 롯데월드,,0.04378661460320897,0.04713722334145905,0.04034871857121406
2023-07-04 19:00:00,롯데백화점에비뉴엘월드타워점,,0.09372796805007182,0.12690099448914194,0.05943524046472599
2023-07-04 19:00:00,롯데월드몰,,0.04085625300443154,0.08199648769486975,1e-06
2023-07-04 19:00:00,롯데월드잠실점,,0.12540189137409002,0.17462776715015355,0.07406559510927
2023-07-04 19:00:00,방이동 먹자골목,,0.041597192571714986,0.04316868125182762,0.03992489277069976
2023-07-04 19:00:00,올림픽공원세계평화의문,,0.0512943884896284,0.0825981065572026,0.016691853748691268
2023-07-04 19:00:00,잠실역 롯데월드,,0.038431711015047186,0.04184549171023199,0.03497848210019375
2023-07-04 20:00:00,롯데백화점에비뉴엘월드타워점,,0.0683501529144813,0.10196312483147543,0.03522984735795016
2023-07-04 20:00:00,롯데월드몰,,0.03766954859819053,0.07670543052305635,1e-06
2023-07-04 20:00:00,롯데월드잠실점,,0.07975598176144374,0.1281450936482073,0.031582701787056085
2023-07-04 20:00:00,방이동 먹자골목,,0.04164206877588277,0.043101006062757276,0.040089764069442126
2023-07-04 20:00:00,올림픽공원세계평화의문,,0.048938699312330046,0.08550258287966342,0.01622234433801922
2023-07-04 20:00:00,잠실역 롯데월드,,0.031091987699270386,0.03411219870050916,0.027803213374949207
2023-07-04 21:00:00,롯데백화점에비뉴엘월드타워점,,0.033955647980421215,0.06498624914437691,0.0004915493081531084
2023-07-04 21:00:00,롯데월드몰,,0.03000159160870074,0.06598215168896931,1e-06
2023-07-04 21:00:00,롯데월드잠실점,,0.0378673287560612,0.08206864652030352,1e-06
2023-07-04 21:00:00,방이동 먹자골목,,0.039263187528670286,0.040846186530896104,0.03776273169626846
2023-07-04 21:00:00,올림픽공원세계평화의문,,0.03995919185937577,0.07221429268304282,0.004735969193555096
2023-07-04 21:00:00,잠실역 롯데월드,,0.023430233202995133,0.026596861045802757,0.02015439133404219
2023-07-04 22:00:00,롯데백화점에비뉴엘월드타워점,,0.0020601433901023506,0.03213144143647456,1e-06
2023-07-04 22:00:00,롯데월드몰,,0.02185180804749046,0.056367524576636796,1e-06
2023-07-04 22:00:00,롯데월드잠실점,,0.01505918917053649,0.05977727461554169,1e-06
2023-07-04 22:00:00,방이동 먹자골목,,0.035672456313962306,0.03711830347229781,0.034165829418980574
2023-07-04 22:00:00,올림픽공원세계평화의문,,0.02494017961079025,0.058225026099187865,1e-06
2023-07-04 22:00:00,잠실역 롯데월드,,0.017309132765305806,0.020477675812773703,0.014107337298799516
2023-07-04 23:00:00,롯데백화점에비뉴엘월드타워점,,1e-06,0.02243970007503028,1e-06
2023-07-04 23:00:00,롯데월드몰,,0.017859631171785035,0.05255028462542168,1e-06
2023-07-04 23:00:00,롯데월드잠실점,,0.012172347684257573,0.05634036541367827,1e-06
2023-07-04 23:00:00,방이동 먹자골목,,0.03161321684755927,0.03312896409420489,0.030258688868890774
2023-07-04 23:00:00,올림픽공원세계평화의문,,0.010308854267886046,0.040013649964248915,1e-06
2023-07-04 23:00:00,잠실역 롯데월드,,0.013507586477200262,0.01650643431754107,0.010488377025457822
2023-07-05 00:00:00,롯데백화점에비뉴엘월드타워점,,1e-06,0.025787024333916938,1e-06
2023-07-05 00:00:00,롯데월드몰,,0.011288943344552218,0.0401151448910124,1e-06
2023-07-05 00:00:00,롯데월드잠실점,,0.011829986275597762,0.055908978288628654,1e-06
2023-07-05 00:00:00,방이동 먹자골목,,0.027783792423524044,0.029309070411283687,0.026195321764466276
2023-07-05 00:00:00,올림픽공원세계평화의문,,0.009393045492876355,0.042891881836416075,1e-06
2023-07-05 00:00:00,잠실역 롯데월드,,0.01187474495608863,0.014999002095580697,0.008803735495946312
2023-07-05 01:00:00,롯데백화점에비뉴엘월드타워점,,0.005469303409166374,0.037029742278197206,1e-06
2023-07-05 01:00:00,롯데월드몰,,0.01307597590249181,0.04260311006773748,1e-06
2023-07-05 01:00:00,롯데월드잠실점,,0.020105223747664432,0.06722266468401318,1e-06
2023-07-05 01:00:00,방이동 먹자골목,,0.025360207787171466,0.026988862965924794,0.02396744379270594
2023-07-05 01:00:00,올림픽공원세계평화의문,,0.008703289586503096,0.038642157890567824,1e-06
2023-07-05 01:00:00,잠실역 롯데월드,,0.01214860346694754,0.015229918587427022,0.009150308876485314
2023-07-05 02:00:00,롯데백화점에비뉴엘월드타워점,,0.01402834874690611,0.04454997546733077,1e-06
2023-07-05 02:00:00,롯데월드몰,,0.01325341983250695,0.04315171049585554,1e-06
2023-07-05 02:00:00,롯데월드잠실점,,0.016968563473369575,0.06145111673419863,1e-06
2023-07-05 02:00:00,방이동 먹자골목,,0.023292696208465226,0.02480531931649035,0.02175103697052208
2023-07-05 02:00:00,올림픽공원세계평화의문,,0.008399312300003214,0.04145876992313452,1e-06
2023-07-05 02:00:00,잠실역 롯데월드,,0.012221479114269358,0.01527415704101187,0.009151183061121603
2023-07-05 03:00:00,롯데백화점에비뉴엘월드타워점,,0.01825049975824114,0.04901135221620124,1e-06
2023-07-05 03:00:00,롯데월드몰,,0.011730032843479333,0.04355078006592928,1e-06
2023-07-05 03:00:00,롯데월드잠실점,,0.01261792862168344,0.05697925879618312,1e-06
2023-07-05 03:00:00,방이동 먹자골목,,0.02204309481423134,0.023617039117942436,0.020366257650018132
2023-07-05 03:00:00,올림픽공원세계평화의문,,0.0066648542693137375,0.03685621909851184,1e-06
2023-07-05 03:00:00,잠실역 롯데월드,,0.012460766451129307,0.01546909207293658,0.009372459000232248
2023-07-05 04:00:00,롯데백화점에비뉴엘월드타워점,,0.01997243427927208,0.05101194988150435,1e-06
2023-07-05 04:00:00,롯데월드몰,,0.010433634136513588,0.04270862569359821,1e-06
2023-07-05 04:00:00,롯데월드잠실점,,0.013178789926124928,0.056333606676182944,1e-06
2023-07-05 04:00:00,방이동 먹자골목,,0.02180813112303022,0.023312169720304268,0.02035176411303726
2023-07-05 04:00:00,올림픽공원세계평화의문,,0.0031635068062366807,0.03476126609297293,1e-06
2023-07-05 04:00:00,잠실역 롯데월드,,0.01287345890107622,0.016030797010337765,0.00989705356710345
2023-07-05 05:00:00,롯데백화점에비뉴엘월드타워점,,0.021419992457803124,0.0556335348386267,1e-06
2023-07-05 05:00:00,롯데월드몰,,0.011099480900577144,0.04519969701728688,1e-06
2023-07-05 05:00:00,롯데월드잠실점,,0.01740132851829705,0.0627347918006757,1e-06
2023-07-05 05:00:00,방이동 먹자골목,,0.022532053509164665,0.024061910968728818,0.020922350653968486
2023-07-05 05:00:00,올림픽공원세계평화의문,,0.0019773750866123214,0.03057878862246178,1e-06
2023-07-05 05:00:00,잠실역 롯데월드,,0.013398412043456218,0.016600089808995196,0.010219027653145307
2023-07-05 06:00:00,롯데백화점에비뉴엘월드타워점,,0.019361197464291904,0.05143715840010904,1e-06
2023-07-05 06:00:00,롯데월드몰,,0.010329172170790329,0.041575333509668154,1e-06
2023-07-05 06:00:00,롯데월드잠실점,,0.017663428488199726,0.06234674560963897,1e-06
2023-07-05 06:00:00,방이동 먹자골목,,0.024441078551332693,0.025945770106504014,0.02296522124203562
2023-07-05 06:00:00,올림픽공원세계평화의문,,0.005610427241594312,0.03847364501215719,1e-06
2023-07-05 06:00:00,잠실역 롯데월드,,0.01501374849481814,0.018094209586890536,0.011616860983114761
2023-07-05 07:00:00,롯데백화점에비뉴엘월드타워점,,0.01686847558245905,0.04752389445563933,1e-06
2023-07-05 07:00:00,롯데월드몰,,0.012229679905650612,0.047371134312990615,1e-06
2023-07-05 07:00:00,롯데월드잠실점,,0.017753652274850387,0.06462474476675602,1e-06
2023-07-05 07:00:00,방이동 먹자골목,,0.026149840092063312,0.027726427109005452,0.024603310865863114
2023-07-05 07:00:00,올림픽공원세계평화의문,,0.021611847437009717,0.05383162144220392,1e-06
2023-07-05 07:00:00,잠실역 롯데월드,,0.016557874316201687,0.019813707175037533,0.012875725153640183
2023-07-05 08:00:00,롯데백화점에비뉴엘월드타워점,,0.013108885741443154,0.04609842563791389,1e-06
2023-07-05 08:00:00,롯데월드몰,,0.012460051194385171,0.04942113891124563,1e-06
2023-07-05 08:00:00,롯데월드잠실점,,0.023838591313859073,0.06788495799948119,1e-06
2023-07-05 08:00:00,방이동 먹자골목,,0.02816861337308791,0.029650579086905174,0.02668283371492024
2023-07-05 08:00:00,올림픽공원세계평화의문,,0.043100466248540144,0.07872686763468076,0.008985083749067615
2023-07-05 08:00:00,잠실역 롯데월드,,0.0198359933507707,0.023417823076920856,0.01616363955645455
2023-07-05 09:00:00,롯데백화점에비뉴엘월드타워점,,0.014519517945901495,0.04792446570969345,1e-06
2023-07-05 09:00:00,롯데월드몰,,0.011631276271152293,0.04704892567759867,1e-06
2023-07-05 09:00:00,롯데월드잠실점,,0.042381615947418086,0.09147240257330858,1e-06
2023-07-05 09:00:00,방이동 먹자골목,,0.030298121346586722,0.031871934507609036,0.028842985407974652
2023-07-05 09:00:00,올림픽공원세계평화의문,,0.06043938934412348,0.09564769777852486,0.021840750480483676
2023-07-05 09:00:00,잠실역 롯데월드,,0.0247810316351721,0.02875252929429833,0.020987356808452685
2023-07-05 10:00:00,롯데백화점에비뉴엘월드타워점,,0.027511630189043183,0.06172384007473224,1e-06
2023-07-05 10:00:00,롯데월드몰,,0.011864304838897501,0.05082514647008055,1e-06
2023-07-05 10:00:00,롯데월드잠실점,,0.07641559411504192,0.13398387899871114,0.018905239514866966
2023-07-05 10:00:00,방이동 먹자골목,,0.0325133195030736,0.03413396501516995,0.031032795206150442
2023-07-05 10:00:00,올림픽공원세계평화의문,,0.06859093478490058,0.10671321987375494,0.03175818201731171
2023-07-05 10:00:00,잠실역 롯데월드,,0.03102165798968019,0.03560956369822461,0.026853508315965925
2023-07-05 11:00:00,롯데백화점에비뉴엘월드타워점,,0.05590978219303761,0.09068479445047703,0.02104222174311577
2023-07-05 11:00:00,롯데월드몰,,0.015296635233292515,0.06212332197624252,1e-06
2023-07-05 11:00:00,롯데월드잠실점,,0.12148373988571284,0.18502962023631794,0.05200588152764679
2023-07-05 11:00:00,방이동 먹자골목,,0.034336456811913565,0.035866694902746014,0.03280152570972251
2023-07-05 11:00:00,올림픽공원세계평화의문,,0.07248485692133164,0.1139381239499437,0.03245718669287053
2023-07-05 11:00:00,잠실역 롯데월드,,0.03798276205194691,0.04320259759541419,0.03339894176474111
2023-07-05 12:00:00,롯데백화점에비뉴엘월드타워점,,0.08489451172761568,0.12139610752981364,0.048152779197486485
2023-07-05 12:00:00,롯데월드몰,,0.0128383111580362,0.056985951549478726,1e-06
2023-07-05 12:00:00,롯데월드잠실점,,0.16527673001888324,0.2450536952002768,0.07972017462309525
2023-07-05 12:00:00,방이동 먹자골목,,0.03553163938076406,0.03710198314986987,0.03404014245962023
2023-07-05 12:00:00,올림픽공원세계평화의문,,0.06516238910775837,0.10362955755324116,0.02596326803945405
2023-07-05 12:00:00,잠실역 롯데월드,,0.042007969402126144,0.04722172779175415,0.03733685444939202
2023-07-05 13:00:00,롯데백화점에비뉴엘월드타워점,,0.10607972012232292,0.14053092160916625,0.06834415958885177
2023-07-05 13:00:00,롯데월드몰,,0.014265787409647459,0.06286953918042569,1e-06
2023-07-05 13:00:00,롯데월드잠실점,,0.18087377583961972,0.2606387946945635,0.0883053992618488
2023-07-05 13:00:00,방이동 먹자골목,,0.0352154023278659,0.03672892202312936,0.03366378202802272
2023-07-05 13:00:00,올림픽공원세계평화의문,,0.06505290442606079,0.10462086587377695,0.024414869387709186
2023-07-05 13:00:00,잠실역 롯데월드,,0.04543365931798365,0.051222527199431385,0.0401708874974992
2023-07-05 14:00:00,롯데백화점에비뉴엘월드타워점,,0.11641999499551837,0.15460139455217475,0.07666344796968881
2023-07-05 14:00:00,롯데월드몰,,0.012893850737614813,0.059096190885765065,1e-06
2023-07-05 14:00:00,롯데월드잠실점,,0.1825335888989847,0.26283842424800274,0.08805674036726928
2023-07-05 14:00:00,방이동 먹자골목,,0.03402202565657656,0.03550779506979203,0.032450489195745676
2023-07-05 14:00:00,올림픽공원세계평화의문,,0.06808803573101861,0.1098849129264818,0.025936504899292175
2023-07-05 14:00:00,잠실역 롯데월드,,0.04730758962014718,0.05353899100189499,0.04139913169316859
2023-07-05 15:00:00,롯데백화점에비뉴엘월드타워점,,0.11454733181201321,0.148584288419812,0.072767853207102
2023-07-05 15:00:00,롯데월드몰,,0.008815010277051298,0.04456021109629069,1e-06
2023-07-05 15:00:00,롯데월드잠실점,,0.1741548706207541,0.26114783546255627,0.08489971836449837
2023-07-05 15:00:00,방이동 먹자골목,,0.03324129094667759,0.0348373997226886,0.03178030895297855
2023-07-05 15:00:00,올림픽공원세계평화의문,,0.06589721290858754,0.11026668057014932,0.02412530111929114
2023-07-05 15:00:00,잠실역 롯데월드,,0.04740705271445087,0.05390834056478638,0.04156523677688662
2023-07-05 16:00:00,롯데백화점에비뉴엘월드타워점,,0.11322275241500168,0.1512846364283937,0.07041673595168
2023-07-05 16:00:00,롯데월드몰,,0.0064573506054660225,0.03673952259038055,1e-06
2023-07-05 16:00:00,롯데월드잠실점,,0.16836835529391572,0.25979557675144477,0.08035472464052691
2023-07-05 16:00:00,방이동 먹자골목,,0.033976605837154145,0.0353990407601231,0.03241331371838798
2023-07-05 16:00:00,올림픽공원세계평화의문,,0.06138754400732655,0.10512520129000288,0.020236983415160205
2023-07-05 16:00:00,잠실역 롯데월드,,0.046845617698083354,0.053653310468639664,0.041216083091189
2023-07-05 17:00:00,롯데백화점에비뉴엘월드타워점,,0.11424053323380555,0.1541908786869208,0.0721217658701414
2023-07-05 17:00:00,롯데월드몰,,0.006954611735809932,0.044494338763558246,1e-06
2023-07-05 17:00:00,롯데월드잠실점,,0.16029358397990864,0.24980366809130966,0.07090510758430271
2023-07-05 17:00:00,방이동 먹자골목,,0.03656766869544865,0.038045274337936696,0.03516712420274456
2023-07-05 17:00:00,올림픽공원세계평화의문,,0.05438196543857235,0.09248696020730647,0.010232899127753117
2023-07-05 17:00:00,잠실역 롯데월드,,0.04510080236695557,0.05159686524728686,0.0396683672150622
2023-07-05 18:00:00,롯데백화점에비뉴엘월드타워점,,0.10809129273176356,0.14948639156804558,0.06843136125596375
2023-07-05 18:00:00,롯데월드몰,,0.024314521133639005,0.11599507480852282,1e-06
2023-07-05 18:00:00,롯데월드잠실점,,0.14223488724248312,0.22824232961737032,0.058390961185720236
2023-07-05 18:00:00,방이동 먹자골목,,0.03979799202401707,0.04136828129555467,0.038243452019459306
2023-07-05 18:00:00,올림픽공원세계평화의문,,0.04925500121614319,0.08748550914498253,0.009431659398673771
2023-07-05 18:00:00,잠실역 롯데월드,,0.042365558317469194,0.04890122833314527,0.03620661988858312
2023-07-05 19:00:00,롯데백화점에비뉴엘월드타워점,,0.09736047696430529,0.1346167324447332,0.058569136918495926
2023-07-05 19:00:00,롯데월드몰,,0.024070840164891978,0.12542739759081065,1e-06
2023-07-05 19:00:00,롯데월드잠실점,,0.10742711419507027,0.18017740049813197,0.03222140988986789
2023-07-05 19:00:00,방이동 먹자골목,,0.04239064461294576,0.043937073846003157,0.04091483726589376
2023-07-05 19:00:00,올림픽공원세계평화의문,,0.045636500995674484,0.08367396440277267,0.006282141900222606
2023-07-05 19:00:00,잠실역 롯데월드,,0.03691195346871881,0.04244781020600602,0.03151108366023295
2023-07-05 20:00:00,롯데백화점에비뉴엘월드타워점,,0.07145421483793694,0.10555052017796054,0.03210588649236332
2023-07-05 20:00:00,롯데월드몰,,0.019063008730931,0.1025178014937608,1e-06
2023-07-05 20:00:00,롯데월드잠실점,,0.06175036067928196,0.11849935870127755,0.003617384339004348
2023-07-05 20:00:00,방이동 먹자골목,,0.04277145337724584,0.044218984578213494,0.04121527930955976
2023-07-05 20:00:00,올림픽공원세계평화의문,,0.03971386787518144,0.07528011189726612,1e-06
2023-07-05 20:00:00,잠실역 롯데월드,,0.029800578950114346,0.03524599283467329,0.025002949586067753
2023-07-05 21:00:00,롯데백화점에비뉴엘월드타워점,,0.036539410416077944,0.07030452015693243,0.0033646895897289954
2023-07-05 21:00:00,롯데월드몰,,0.010736514940679318,0.060899771839523484,1e-06
2023-07-05 21:00:00,롯데월드잠실점,,0.020701238576409813,0.06519375604901452,1e-06
2023-07-05 21:00:00,방이동 먹자골목,,0.04070703660485348,0.04211106315471229,0.039112655754659185
2023-07-05 21:00:00,올림픽공원세계평화의문,,0.028017948318605074,0.06380368923306715,1e-06
2023-07-05 21:00:00,잠실역 롯데월드,,0.022404354206329278,0.026805753840346926,0.018108390304829296
2023-07-05 22:00:00,롯데백화점에비뉴엘월드타워점,,0.00757186792238878,0.038458506261123855,1e-06
2023-07-05 22:00:00,롯데월드몰,,0.003968397722069898,0.03212747558508505,1e-06
2023-07-05 22:00:00,롯데월드잠실점,,0.000382132150964038,0.04380463105559409,1e-06
2023-07-05 22:00:00,방이동 먹자골목,,0.03702674039691741,0.03862793835579719,0.03557478336815748
2023-07-05 22:00:00,올림픽공원세계평화의문,,0.013649167146978823,0.049292806503972796,1e-06
2023-07-05 22:00:00,잠실역 롯데월드,,0.01663454133979526,0.020498148682163094,0.012696626438941398
2023-07-05 23:00:00,롯데백화점에비뉴엘월드타워점,,1e-06,0.024805692851308552,1e-06
2023-07-05 23:00:00,롯데월드몰,,0.001879916546231,0.024555109717267917,1e-06
2023-07-05 23:00:00,롯데월드잠실점,,0.0005444252246314358,0.041496681629245004,1e-06
2023-07-05 23:00:00,방이동 먹자골목,,0.0330279946877915,0.0344795569992747,0.031378022355532796
2023-07-05 23:00:00,올림픽공원세계평화의문,,0.0005886520433826744,0.031825799865721295,1e-06
2023-07-05 23:00:00,잠실역 롯데월드,,0.013158950466672916,0.017148787837667462,0.009411994848731819
2023-07-06 00:00:00,롯데백화점에비뉴엘월드타워점,,1e-06,0.029911762862216692,1e-06
2023-07-06 00:00:00,롯데월드몰,,1e-06,0.02072506696408443,1e-06
2023-07-06 00:00:00,롯데월드잠실점,,1e-06,0.043846110424545816,1e-06
2023-07-06 00:00:00,방이동 먹자골목,,0.029117406164646736,0.030601855676149228,0.02769002499035121
2023-07-06 00:00:00,올림픽공원세계평화의문,,0.0006288923300964698,0.031262322758242006,1e-06
2023-07-06 00:00:00,잠실역 롯데월드,,0.011280383494311043,0.014969297751551973,0.007892097958479052
2023-07-06 01:00:00,롯데백화점에비뉴엘월드타워점,,0.0053519912657181545,0.03626324794809954,1e-06
2023-07-06 01:00:00,롯데월드몰,,0.0019962852317641547,0.024527727677377417,1e-06
2023-07-06 01:00:00,롯데월드잠실점,,0.009671796689747388,0.055017571161730366,1e-06
2023-07-06 01:00:00,방이동 먹자골목,,0.02646074506861739,0.027932059012700725,0.02495516103689364
2023-07-06 01:00:00,올림픽공원세계평화의문,,0.004431781866755355,0.036411541750550905,1e-06
2023-07-06 01:00:00,잠실역 롯데월드,,0.011487024373377877,0.015132074070018578,0.007761034838303857
2023-07-06 02:00:00,롯데백화점에비뉴엘월드타워점,,0.012117821889680937,0.047182504908639095,1e-06
2023-07-06 02:00:00,롯데월드몰,,0.005412686047972894,0.040344114667756475,1e-06
2023-07-06 02:00:00,롯데월드잠실점,,0.013348488858170518,0.05760464151284652,1e-06
2023-07-06 02:00:00,방이동 먹자골목,,0.024492305862596323,0.02613963885315796,0.02295989269674701
2023-07-06 02:00:00,올림픽공원세계평화의문,,0.012891000763747577,0.043731758320325095,1e-06
2023-07-06 02:00:00,잠실역 롯데월드,,0.01219889878485005,0.016229230965994088,0.008559016650676841
2023-07-06 03:00:00,롯데백화점에비뉴엘월드타워점,,0.013048971207952023,0.04783743019364673,1e-06
2023-07-06 03:00:00,롯데월드몰,,0.006251194890963619,0.04364415441954425,1e-06
2023-07-06 03:00:00,롯데월드잠실점,,0.011709931802392019,0.0590164219845751,1e-06
2023-07-06 03:00:00,방이동 먹자골목,,0.02322053504552023,0.02475051912907921,0.02165170916352703
2023-07-06 03:00:00,올림픽공원세계평화의문,,0.018011670767488372,0.05084585123884756,1e-06
2023-07-06 03:00:00,잠실역 롯데월드,,0.012524438113236183,0.016408761165518447,0.008647949288303813
2023-07-06 04:00:00,롯데백화점에비뉴엘월드타워점,,0.014013872526241334,0.04792029042310318,1e-06
2023-07-06 04:00:00,롯데월드몰,,0.007237112856911064,0.054180344192102145,1e-06
2023-07-06 04:00:00,롯데월드잠실점,,0.014225282260204537,0.06194676266394601,1e-06
2023-07-06 04:00:00,방이동 먹자골목,,0.022699477131056717,0.024167520235366675,0.021197392488954147
2023-07-06 04:00:00,올림픽공원세계평화의문,,0.02223364917532607,0.05946921317181766,1e-06
2023-07-06 04:00:00,잠실역 롯데월드,,0.01294928839815035,0.01682479732190046,0.008905698784157336
2023-07-06 05:00:00,롯데백화점에비뉴엘월드타워점,,0.015310058516490796,0.0450878268151765,1e-06
2023-07-06 05:00:00,롯데월드몰,,0.009491212278193537,0.06853779606752423,1e-06
2023-07-06 05:00:00,롯데월드잠실점,,0.019016272723451473,0.06785311444156067,1e-06
2023-07-06 05:00:00,방이동 먹자골목,,0.023075217846284208,0.02464600005026837,0.02160719765401453
2023-07-06 05:00:00,올림픽공원세계평화의문,,0.027887312260643893,0.06696399367447294,1e-06
2023-07-06 05:00:00,잠실역 롯데월드,,0.013380531864908415,0.01770446268060929,0.00901905632059519
2023-07-06 06:00:00,롯데백화점에비뉴엘월드타워점,,0.0158601083651826,0.045955790904155885,1e-06
2023-07-06 06:00:00,롯데월드몰,,0.010232560213884308,0.07097840565680397,1e-06
2023-07-06 06:00:00,롯데월드잠실점,,0.02245258409334958,0.07191600341292284,1e-06
2023-07-06 06:00:00,방이동 먹자골목,,0.02469055030518342,0.02615346058854,0.02303583202292141
2023-07-06 06:00:00,올림픽공원세계평화의문,,0.0397224650113484,0.07933295542884983,1e-06
2023-07-06 06:00:00,잠실역 롯데월드,,0.015365052989865976,0.02010720929412808,0.011371403391997667
2023-07-06 07:00:00,롯데백화점에비뉴엘월드타워점,,0.0166488710483963,0.04818343384403771,1e-06
2023-07-06 07:00:00,롯데월드몰,,0.013117603016980683,0.0976861655317994,1e-06
2023-07-06 07:00:00,롯데월드잠실점,,0.02682516941693478,0.07603433777045948,1e-06
2023-07-06 07:00:00,방이동 먹자골목,,0.026287168800097058,0.027835609023095568,0.024861680909349357
2023-07-06 07:00:00,올림픽공원세계평화의문,,0.06319021777714728,0.11681492432134666,0.007338975953804514
2023-07-06 07:00:00,잠실역 롯데월드,,0.017574027363962873,0.022376799218696473,0.012666719728215599
2023-07-06 08:00:00,롯데백화점에비뉴엘월드타워점,,0.01684912079441978,0.05036841428639377,1e-06
2023-07-06 08:00:00,롯데월드몰,,0.013829160905287567,0.10060136295572027,1e-06
2023-07-06 08:00:00,롯데월드잠실점,,0.035298390876243174,0.09338835427017747,1e-06
2023-07-06 08:00:00,방이동 먹자골목,,0.0281650794555677,0.02975115678447285,0.026707589904767626
2023-07-06 08:00:00,올림픽공원세계평화의문,,0.08913167013206959,0.1536409120572993,0.016382929073296065
2023-07-06 08:00:00,잠실역 롯데월드,,0.021381052225438544,0.027471811660677657,0.01609576006453267
2023-07-06 09:00:00,롯데백화점에비뉴엘월드타워점,,0.024360457408212546,0.057812963988549675,1e-06
2023-07-06 09:00:00,롯데월드몰,,0.013850206635374158,0.10510117488223518,1e-06
2023-07-06 09:00:00,롯데월드잠실점,,0.05856298244454158,0.1259938218410458,1e-06
2023-07-06 09:00:00,방이동 먹자골목,,0.030229341293994013,0.03179677169569018,0.028719894010904065
2023-07-06 09:00:00,올림픽공원세계평화의문,,0.11042616543797246,0.18853272225840437,0.020242625169500095
2023-07-06 09:00:00,잠실역 롯데월드,,0.02728153971913767,0.03423103247297383,0.021112934100457444
2023-07-06 10:00:00,롯데백화점에비뉴엘월드타워점,,0.04124231871897715,0.07760839500831605,0.005088220262038856
2023-07-06 10:00:00,롯데월드몰,,0.014389178964712385,0.11608118173663713,1e-06
2023-07-06 10:00:00,롯데월드잠실점,,0.09416993010456409,0.1850455268792132,1e-06
2023-07-06 10:00:00,방이동 먹자골목,,0.03246264384746149,0.03391413941285628,0.030940139240070743
2023-07-06 10:00:00,올림픽공원세계평화의문,,0.11734803205143828,0.19612645827640157,0.018465511288750354
2023-07-06 10:00:00,잠실역 롯데월드,,0.03414168820281441,0.043207823349047145,0.02582965660261373
2023-07-06 11:00:00,롯데백화점에비뉴엘월드타워점,,0.06898993687029095,0.10959176834598836,0.028729074073707745
2023-07-06 11:00:00,롯데월드몰,,0.017256662088116145,0.1309980129498502,1e-06
2023-07-06 11:00:00,롯데월드잠실점,,0.135518917792525,0.28732317465728796,1e-06
2023-07-06 11:00:00,방이동 먹자골목,,0.03442030553860985,0.03590673169274175,0.032968528902283675
2023-07-06 11:00:00,올림픽공원세계평화의문,,0.11323193042256123,0.1968406840355197,0.01107177613001747
2023-07-06 11:00:00,잠실역 롯데월드,,0.041065198675085395,0.05186038677551384,0.030996038921785908
2023-07-06 12:00:00,롯데백화점에비뉴엘월드타워점,,0.10091332140639092,0.1463199120254597,0.050685542063318045
2023-07-06 12:00:00,롯데월드몰,,0.015775840481050286,0.12482829752332258,1e-06
2023-07-06 12:00:00,롯데월드잠실점,,0.17969261444619128,0.370435479227074,1e-06
2023-07-06 12:00:00,방이동 먹자골목,,0.03568492235749508,0.03733557586315593,0.03423596276811915
2023-07-06 12:00:00,올림픽공원세계평화의문,,0.099716330995246,0.17322011016824976,0.008430944746006308
2023-07-06 12:00:00,잠실역 롯데월드,,0.0456225053350653,0.059096024422305056,0.03450312869686507
2023-07-06 13:00:00,롯데백화점에비뉴엘월드타워점,,0.12111913916082233,0.17466464642488644,0.06676790533057635
2023-07-06 13:00:00,롯데월드몰,,0.017577659104161824,0.14047531489045204,1e-06
2023-07-06 13:00:00,롯데월드잠실점,,0.19082742305635553,0.40214191877083383,1e-06
2023-07-06 13:00:00,방이동 먹자골목,,0.03552650309132807,0.03716545499045293,0.03399034755224326
2023-07-06 13:00:00,올림픽공원세계평화의문,,0.0883698845746515,0.15814597601132901,0.006749289538325038
2023-07-06 13:00:00,잠실역 롯데월드,,0.0488951015356865,0.0627976303836964,0.036794088915327684
2023-07-06 14:00:00,롯데백화점에비뉴엘월드타워점,,0.13229054133010187,0.1875565425057137,0.07392288833480345
2023-07-06 14:00:00,롯데월드몰,,0.017645527122447283,0.15421556059890357,1e-06
2023-07-06 14:00:00,롯데월드잠실점,,0.19036168014335028,0.40300928695318994,1e-06
2023-07-06 14:00:00,방이동 먹자골목,,0.03443703779012138,0.03591198984940325,0.03294196288548256
2023-07-06 14:00:00,올림픽공원세계평화의문,,0.08211634803010295,0.15285848480232475,0.0031393073494588347
2023-07-06 14:00:00,잠실역 롯데월드,,0.05083980292240813,0.06574562556797389,0.03758974527599341
2023-07-06 15:00:00,롯데백화점에비뉴엘월드타워점,,0.13111419578706474,0.18741207365361712,0.0647884423572566
2023-07-06 15:00:00,롯데월드몰,,0.015410592664696573,0.12921554507810543,1e-06
2023-07-06 15:00:00,롯데월드잠실점,,0.18016685335059623,0.3849856607927707,1e-06
2023-07-06 15:00:00,방이동 먹자골목,,0.03373399051880985,0.03524766143169519,0.03228782571547329
2023-07-06 15:00:00,올림픽공원세계평화의문,,0.07133658162910098,0.1379830921235579,1e-06
2023-07-06 15:00:00,잠실역 롯데월드,,0.05092450649727085,0.06648146340674096,0.03740561072626148
2023-07-06 16:00:00,롯데백화점에비뉴엘월드타워점,,0.1297459437723067,0.18989058918770424,0.07302849145045559
2023-07-06 16:00:00,롯데월드몰,,0.015089939174402973,0.1258587355491885,1e-06
2023-07-06 16:00:00,롯데월드잠실점,,0.17310653523810654,0.38637724780999977,1e-06
2023-07-06 16:00:00,방이동 먹자골목,,0.03451070520141316,0.036030226048013946,0.03301558587069333
2023-07-06 16:00:00,올림픽공원세계평화의문,,0.059880595749422935,0.11597726877756319,1e-06
2023-07-06 16:00:00,잠실역 롯데월드,,0.05025637777193278,0.06545986675084525,0.03638416092224015
2023-07-06 17:00:00,롯데백화점에비뉴엘월드타워점,,0.12996292916434163,0.1873746232950085,0.07107618613538753
2023-07-06 17:00:00,롯데월드몰,,0.01755768483774512,0.1563155336578195,1e-06
2023-07-06 17:00:00,롯데월드잠실점,,0.1644484208914492,0.3661680208330419,1e-06
2023-07-06 17:00:00,방이동 먹자골목,,0.037102919781105456,0.038717834145114524,0.035526737091649795
2023-07-06 17:00:00,올림픽공원세계평화의문,,0.04821996712720722,0.09933300063031428,1e-06
2023-07-06 17:00:00,잠실역 롯데월드,,0.04832645969802023,0.06381267546043272,0.034356639874557254
2023-07-06 18:00:00,롯데백화점에비뉴엘월드타워점,,0.12283461270870309,0.178443984310644,0.06456099553164582
2023-07-06 18:00:00,롯데월드몰,,0.03649812319289371,0.3286809316445082,1e-06
2023-07-06 18:00:00,롯데월드잠실점,,0.14655667493441835,0.33822244307820615,1e-06
2023-07-06 18:00:00,방이동 먹자골목,,0.04029743088661806,0.04181891773095855,0.03880295388843963
2023-07-06 18:00:00,올림픽공원세계평화의문,,0.04117936989792176,0.08633060945381657,1e-06
2023-07-06 18:00:00,잠실역 롯데월드,,0.04534306007909032,0.06022921075763908,0.032518373905167
2023-07-06 19:00:00,롯데백화점에비뉴엘월드타워점,,0.11100628502344917,0.16354836412799528,0.04830375704742835
2023-07-06 19:00:00,롯데월드몰,,0.03729817340327351,0.34878425813445463,1e-06
2023-07-06 19:00:00,롯데월드잠실점,,0.11263306293132767,0.2692982652802475,1e-06
2023-07-06 19:00:00,방이동 먹자골목,,0.04282606482552475,0.04425155374999793,0.041344448363632755
2023-07-06 19:00:00,올림픽공원세계평화의문,,0.03837557794830355,0.08413622574455921,1e-06
2023-07-06 19:00:00,잠실역 롯데월드,,0.039612996911097785,0.05256790232085649,0.02826992113585747
2023-07-06 20:00:00,롯데백화점에비뉴엘월드타워점,,0.08269427971049753,0.1299797676374053,0.03224585811767795
2023-07-06 20:00:00,롯데월드몰,,0.032004684804700256,0.3035608947936036,1e-06
2023-07-06 20:00:00,롯데월드잠실점,,0.06614886513008264,0.16061326192082567,1e-06
2023-07-06 20:00:00,방이동 먹자골목,,0.043169819944817375,0.04463595592106127,0.041632096766353155
2023-07-06 20:00:00,올림픽공원세계평화의문,,0.03349571857575736,0.07890162210409876,1e-06
2023-07-06 20:00:00,잠실역 롯데월드,,0.03190981571321699,0.04279693671097737,0.022299597705197086
2023-07-06 21:00:00,롯데백화점에비뉴엘월드타워점,,0.04774098939735063,0.089218710803458,0.007230009600735191
2023-07-06 21:00:00,롯데월드몰,,0.023051258201900623,0.22623067917900277,1e-06
2023-07-06 21:00:00,롯데월드잠실점,,0.027011428666277124,0.08231813901877016,1e-06
2023-07-06 21:00:00,방이동 먹자골목,,0.041025246867908795,0.04260322669906393,0.03954934110571156
2023-07-06 21:00:00,올림픽공원세계평화의문,,0.02642573782231781,0.06660736332942206,1e-06
2023-07-06 21:00:00,잠실역 롯데월드,,0.024229941702098644,0.03313806347682547,0.016208581428630263
2023-07-06 22:00:00,롯데백화점에비뉴엘월드타워점,,0.01677806470509037,0.05055016259807785,1e-06
2023-07-06 22:00:00,롯데월드몰,,0.014198363283267075,0.1421737539200578,1e-06
2023-07-06 22:00:00,롯데월드잠실점,,0.006493747892289365,0.04713102219435527,1e-06
2023-07-06 22:00:00,방이동 먹자골목,,0.0373186757213826,0.038827350027258574,0.035818716681621704
2023-07-06 22:00:00,올림픽공원세계평화의문,,0.01533735445899421,0.05367598268516971,1e-06
2023-07-06 22:00:00,잠실역 롯데월드,,0.017884735189662916,0.024965846575644195,0.011356552605365302
2023-07-06 23:00:00,롯데백화점에비뉴엘월드타워점,,0.0015380441825828882,0.03462757953208333,1e-06
2023-07-06 23:00:00,롯데월드몰,,0.009775276999817185,0.09997536157902237,1e-06
2023-07-06 23:00:00,롯데월드잠실점,,0.008662226450647294,0.053407338450725074,1e-06
2023-07-06 23:00:00,방이동 먹자골목,,0.03327329750524574,0.03483482800133749,0.03168707236992882
2023-07-06 23:00:00,올림픽공원세계평화의문,,0.0074127637625384735,0.03913711136143543,1e-06
2023-07-06 23:00:00,잠실역 롯데월드,,0.014162914042080438,0.019995349368188968,0.008648677493674334
2023-07-07 00:00:00,롯데백화점에비뉴엘월드타워점,,1e-06,0.0293923531419521,1e-06
2023-07-07 00:00:00,롯데월드몰,,1e-06,0.022324432593369015,1e-06
2023-07-07 00:00:00,롯데월드잠실점,,0.0025485440748333195,0.04843639949926814,1e-06
2023-07-07 00:00:00,방이동 먹자골목,,0.029203300389156965,0.030806708965281492,0.02767978377267827
2023-07-07 00:00:00,올림픽공원세계평화의문,,0.006300612208143782,0.03934333965583283,1e-06
2023-07-07 00:00:00,잠실역 롯데월드,,0.011398698584890137,0.015740635179529793,0.006539875966929186
2023-07-07 01:00:00,롯데백화점에비뉴엘월드타워점,,0.006206625120808493,0.0406556658603203,1e-06
2023-07-07 01:00:00,롯데월드몰,,0.0006991670468192132,0.024697706530957323,1e-06
2023-07-07 01:00:00,롯데월드잠실점,,0.013170971150125724,0.05958605266252396,1e-06
2023-07-07 01:00:00,방이동 먹자골목,,0.026602522464474202,0.028103036680252186,0.025068580560686834
2023-07-07 01:00:00,올림픽공원세계평화의문,,0.011414980558225304,0.04241983779684901,1e-06
2023-07-07 01:00:00,잠실역 롯데월드,,0.011351364593119138,0.015788016437363647,0.006445530140410123
2023-07-07 02:00:00,롯데백화점에비뉴엘월드타워점,,0.011944109366683503,0.0437590025596709,1e-06
2023-07-07 02:00:00,롯데월드몰,,0.0014314023490555913,0.027192768223062186,1e-06
2023-07-07 02:00:00,롯데월드잠실점,,0.016464227102149166,0.06477889104539333,1e-06
2023-07-07 02:00:00,방이동 먹자골목,,0.024706013634348992,0.026173399801991154,0.023124137284529483
2023-07-07 02:00:00,올림픽공원세계평화의문,,0.019271074511516603,0.0554655866378323,1e-06
2023-07-07 02:00:00,잠실역 롯데월드,,0.011880405999418829,0.016873939936380145,0.006916216041217473
2023-07-07 03:00:00,롯데백화점에비뉴엘월드타워점,,0.013973104147410351,0.04835978805894145,1e-06
2023-07-07 03:00:00,롯데월드몰,,4.8361074173937087e-05,0.02121183699730048,1e-06
2023-07-07 03:00:00,롯데월드잠실점,,0.01599772489097855,0.06243037146704688,1e-06
2023-07-07 03:00:00,방이동 먹자골목,,0.02347624904210888,0.02503532327299507,0.02194541594645903
2023-07-07 03:00:00,올림픽공원세계평화의문,,0.022922206871922257,0.05786525566054616,1e-06
2023-07-07 03:00:00,잠실역 롯데월드,,0.012397142895972942,0.01725780973444161,0.007696822283540599
2023-07-07 04:00:00,롯데백화점에비뉴엘월드타워점,,0.014115038521007879,0.04794563665704201,1e-06
2023-07-07 04:00:00,롯데월드몰,,1e-06,0.02242142621011142,1e-06
2023-07-07 04:00:00,롯데월드잠실점,,0.016988219632832684,0.071886503873575,1e-06
2023-07-07 04:00:00,방이동 먹자골목,,0.02303377121522287,0.024563360163079976,0.02144961641499855
2023-07-07 04:00:00,올림픽공원세계평화의문,,0.020675007764940453,0.056094909263551,1e-06
2023-07-07 04:00:00,잠실역 롯데월드,,0.012760885190990844,0.017425603190883793,0.007382884069845536
2023-07-07 05:00:00,롯데백화점에비뉴엘월드타워점,,0.014554523353209182,0.047383970649755566,1e-06
2023-07-07 05:00:00,롯데월드몰,,1e-06,0.020975885981070436,1e-06
2023-07-07 05:00:00,롯데월드잠실점,,0.019884663703777797,0.07036791470992536,1e-06
2023-07-07 05:00:00,방이동 먹자골목,,0.023456186047501774,0.02512725208825243,0.021949289153791143
2023-07-07 05:00:00,올림픽공원세계평화의문,,0.01812122085574638,0.053844033857180944,1e-06
2023-07-07 05:00:00,잠실역 롯데월드,,0.013181128089787022,0.01839315752549694,0.008005530599863088
2023-07-07 06:00:00,롯데백화점에비뉴엘월드타워점,,0.014211034288299416,0.049261633103623984,1e-06
2023-07-07 06:00:00,롯데월드몰,,0.0010277748319143932,0.02672026596288251,1e-06
2023-07-07 06:00:00,롯데월드잠실점,,0.019932333621900965,0.0762813594394097,1e-06
2023-07-07 06:00:00,방이동 먹자골목,,0.025067737258035492,0.026666607078019225,0.0236749224832039
2023-07-07 06:00:00,올림픽공원세계평화의문,,0.019917913395312292,0.05717141699972729,1e-06
2023-07-07 06:00:00,잠실역 롯데월드,,0.015253606767142165,0.02108092051603265,0.009143680860818194
2023-07-07 07:00:00,롯데백화점에비뉴엘월드타워점,,0.012729644100213567,0.04688839165963204,1e-06
2023-07-07 07:00:00,롯데월드몰,,0.004796727487824152,0.05804633139476466,1e-06
2023-07-07 07:00:00,롯데월드잠실점,,0.020139751348584176,0.07368946819834712,1e-06
2023-07-07 07:00:00,방이동 먹자골목,,0.026635212102937556,0.028172291355215994,0.025089975976480997
2023-07-07 07:00:00,올림픽공원세계평화의문,,0.035523390577924474,0.07839550496326386,1e-06
2023-07-07 07:00:00,잠실역 롯데월드,,0.017384717311429296,0.023518868361957667,0.010759407970716596
2023-07-07 08:00:00,롯데백화점에비뉴엘월드타워점,,0.011422036988561285,0.044200515686251156,1e-06
2023-07-07 08:00:00,롯데월드몰,,0.007329627419028265,0.08905985647977198,1e-06
2023-07-07 08:00:00,롯데월드잠실점,,0.02586783712129254,0.0830596283090619,1e-06
2023-07-07 08:00:00,방이동 먹자골목,,0.02843030847322281,0.029954185617290543,0.02691803991268584
2023-07-07 08:00:00,올림픽공원세계평화의문,,0.05617599100459436,0.12182385893015853,1e-06
2023-07-07 08:00:00,잠실역 롯데월드,,0.02132636196505693,0.028774059911548588,0.013136659882492291
2023-07-07 09:00:00,롯데백화점에비뉴엘월드타워점,,0.016356067733447895,0.050204457044130846,1e-06
2023-07-07 09:00:00,롯데월드몰,,0.009414709864340799,0.11490896789333467,1e-06
2023-07-07 09:00:00,롯데월드잠실점,,0.04644785114477027,0.12447772907172842,1e-06
2023-07-07 09:00:00,방이동 먹자골목,,0.030423784782492292,0.03187899716807796,0.028929520135781532
2023-07-07 09:00:00,올림픽공원세계평화의문,,0.07221158895630808,0.14700614931191988,1e-06
2023-07-07 09:00:00,잠실역 롯데월드,,0.027266508805808352,0.03633969123722795,0.01697014266384339
2023-07-07 10:00:00,롯데백화점에비뉴엘월드타워점,,0.03323574332577395,0.07084826864026687,1e-06
2023-07-07 10:00:00,롯데월드몰,,0.01325188625538553,0.1556042463378613,1e-06
2023-07-07 10:00:00,롯데월드잠실점,,0.0840364168454908,0.20048269285430226,1e-06
2023-07-07 10:00:00,방이동 먹자골목,,0.03254618517100825,0.034029048010580265,0.03102668302883326
2023-07-07 10:00:00,올림픽공원세계평화의문,,0.07736870656970916,0.15852720198253314,1e-06
2023-07-07 10:00:00,잠실역 롯데월드,,0.03460742306014033,0.04756540464951396,0.020394104804464047
2023-07-07 11:00:00,롯데백화점에비뉴엘월드타워점,,0.061251938551975346,0.10788721380181411,0.02026988387274255
2023-07-07 11:00:00,롯데월드몰,,0.01968785410159986,0.23823263257005453,1e-06
2023-07-07 11:00:00,롯데월드잠실점,,0.1287189657708102,0.30086979490415194,1e-06
2023-07-07 11:00:00,방이동 먹자골목,,0.0344310863639007,0.03600443110992373,0.032931016432001255
2023-07-07 11:00:00,올림픽공원세계평화의문,,0.07311063793856834,0.1514397101650096,1e-06
2023-07-07 11:00:00,잠실역 롯데월드,,0.042043030687270444,0.05702449550011239,0.025436659107549154
2023-07-07 12:00:00,롯데백화점에비뉴엘월드타워점,,0.09064145222431656,0.14224120672253604,0.041088917023337494
2023-07-07 12:00:00,롯데월드몰,,0.020362757610905766,0.25102943442191716,1e-06
2023-07-07 12:00:00,롯데월드잠실점,,0.171674427175995,0.41461050609040523,1e-06
2023-07-07 12:00:00,방이동 먹자골목,,0.03573660423654198,0.03729029122815079,0.03422173552703791
2023-07-07 12:00:00,올림픽공원세계평화의문,,0.058503055827877556,0.12717895066013868,1e-06
2023-07-07 12:00:00,잠실역 롯데월드,,0.04667811511024337,0.06286656144246382,0.028116252098997593
2023-07-07 13:00:00,롯데백화점에비뉴엘월드타워점,,0.11310920157171918,0.17555566206504036,0.05733769593685143
2023-07-07 13:00:00,롯데월드몰,,0.024415090253432768,0.3028556229287906,1e-06
2023-07-07 13:00:00,롯데월드잠실점,,0.1875791034767707,0.44438361147102695,1e-06
2023-07-07 13:00:00,방이동 먹자골목,,0.03564716666038407,0.03712040723980879,0.034008640775278924
2023-07-07 13:00:00,올림픽공원세계평화의문,,0.05478053844591781,0.11986622484457712,1e-06
2023-07-07 13:00:00,잠실역 롯데월드,,0.05067307564189553,0.06977577359227399,0.02982840467317979
2023-07-07 14:00:00,롯데백화점에비뉴엘월드타워점,,0.12298766180252836,0.1904590690310311,0.062210726833005284
2023-07-07 14:00:00,롯데월드몰,,0.02406500617716451,0.30778112790862455,1e-06
2023-07-07 14:00:00,롯데월드잠실점,,0.18647095720540457,0.4587151630471022,1e-06
2023-07-07 14:00:00,방이동 먹자골목,,0.03484230032648959,0.03640360466857942,0.033315186576381946
2023-07-07 14:00:00,올림픽공원세계평화의문,,0.055087247411647194,0.11992543995262941,1e-06
2023-07-07 14:00:00,잠실역 롯데월드,,0.05269552698792506,0.07260085698378971,0.030694769930620442
2023-07-07 15:00:00,롯데백화점에비뉴엘월드타워점,,0.1247441588836997,0.19836998817658685,0.060495640131887234
2023-07-07 15:00:00,롯데월드몰,,0.021482606082968318,0.2838396401915311,1e-06
2023-07-07 15:00:00,롯데월드잠실점,,0.17976702806213915,0.43609007181001275,1e-06
2023-07-07 15:00:00,방이동 먹자골목,,0.03447929794159141,0.03607403799723111,0.03302181095673828
2023-07-07 15:00:00,올림픽공원세계평화의문,,0.05668451766334305,0.12703272127181592,1e-06
2023-07-07 15:00:00,잠실역 롯데월드,,0.05342541861503456,0.07328566566828311,0.030612780140464937
2023-07-07 16:00:00,롯데백화점에비뉴엘월드타워점,,0.1265399137784709,0.1941220558682738,0.062249157090407875
2023-07-07 16:00:00,롯데월드몰,,0.02060546063715813,0.2706542338399504,1e-06
2023-07-07 16:00:00,롯데월드잠실점,,0.17567491764056897,0.4477981587106885,1e-06
2023-07-07 16:00:00,방이동 먹자골목,,0.03572981061740719,0.03736452376711329,0.034269387948670585
2023-07-07 16:00:00,올림픽공원세계평화의문,,0.05764779686023556,0.13066690716641297,1e-06
2023-07-07 16:00:00,잠실역 롯데월드,,0.053296693248850266,0.07324647778155144,0.030073141536762295
2023-07-07 17:00:00,롯데백화점에비뉴엘월드타워점,,0.13158433759180652,0.1999089895698742,0.06745198302074673
2023-07-07 17:00:00,롯데월드몰,,0.02320608339146497,0.3092249610951194,1e-06
2023-07-07 17:00:00,롯데월드잠실점,,0.17102988093646465,0.41735338125824395,1e-06
2023-07-07 17:00:00,방이동 먹자골목,,0.03887288297604791,0.040463925042101306,0.037362770311895534
2023-07-07 17:00:00,올림픽공원세계평화의문,,0.059093657225191,0.13697653465898893,1e-06
2023-07-07 17:00:00,잠실역 롯데월드,,0.0520101645606215,0.07236436069052785,0.028374472009943037
2023-07-07 18:00:00,롯데백화점에비뉴엘월드타워점,,0.12865711167516033,0.20164575511267668,0.0668465691991915
2023-07-07 18:00:00,롯데월드몰,,0.042988506208492545,0.5810017955985647,1e-06
2023-07-07 18:00:00,롯데월드잠실점,,0.15956238582900456,0.41414862056450547,1e-06
2023-07-07 18:00:00,방이동 먹자골목,,0.042735809796284184,0.04433403766427404,0.041032260656854405
2023-07-07 18:00:00,올림픽공원세계평화의문,,0.06304267975248103,0.1407415875420851,1e-06
2023-07-07 18:00:00,잠실역 롯데월드,,0.04954841762541959,0.06931550619513839,0.025831250535267
2023-07-07 19:00:00,롯데백화점에비뉴엘월드타워점,,0.1196418561687773,0.19118967916379861,0.054091152837942816
2023-07-07 19:00:00,롯데월드몰,,0.0423579968461635,0.5739457081063588,1e-06
2023-07-07 19:00:00,롯데월드잠실점,,0.12529689150385792,0.32759328569562063,1e-06
2023-07-07 19:00:00,방이동 먹자골목,,0.04598477937144508,0.04752666160839447,0.044441428320559424
2023-07-07 19:00:00,올림픽공원세계평화의문,,0.0679107667085342,0.14964188894911334,1e-06
2023-07-07 19:00:00,잠실역 롯데월드,,0.0439201159393769,0.06195285198998123,0.02368446292502891
2023-07-07 20:00:00,롯데백화점에비뉴엘월드타워점,,0.09462623751448436,0.15086204188635194,0.03631205002127353
2023-07-07 20:00:00,롯데월드몰,,0.034587177957318166,0.48208825681679773,1e-06
2023-07-07 20:00:00,롯데월드잠실점,,0.07927630130025484,0.20609310669707603,1e-06
2023-07-07 20:00:00,방이동 먹자골목,,0.047031242069258614,0.04862098009615302,0.04542267992465581
2023-07-07 20:00:00,올림픽공원세계평화의문,,0.06867369449397563,0.15413276530807077,1e-06
2023-07-07 20:00:00,잠실역 롯데월드,,0.03639992224725285,0.052419782905424206,0.01893878227856196
2023-07-07 21:00:00,롯데백화점에비뉴엘월드타워점,,0.05965089361569844,0.10422047698953175,0.01019869437522052
2023-07-07 21:00:00,롯데월드몰,,0.021682947886639225,0.2991540818943153,1e-06
2023-07-07 21:00:00,롯데월드잠실점,,0.037958346212987465,0.11191632878983993,1e-06
2023-07-07 21:00:00,방이동 먹자골목,,0.04558753957863749,0.047231375748094315,0.04419061905778807
2023-07-07 21:00:00,올림픽공원세계평화의문,,0.060361658696451645,0.13650525118693424,1e-06
2023-07-07 21:00:00,잠실역 롯데월드,,0.028432261808036253,0.04074535254698994,0.01507476623447658
2023-07-07 22:00:00,롯데백화점에비뉴엘월드타워점,,0.027282304906208504,0.06295173166740341,1e-06
2023-07-07 22:00:00,롯데월드몰,,0.009382385122839326,0.13759874473933842,1e-06
2023-07-07 22:00:00,롯데월드잠실점,,0.015576706774148637,0.0661554340834078,1e-06
2023-07-07 22:00:00,방이동 먹자골목,,0.04245349668680388,0.04404293248731134,0.040987323984247676
2023-07-07 22:00:00,올림픽공원세계평화의문,,0.04331168333818796,0.10688238755309232,1e-06
2023-07-07 22:00:00,잠실역 롯데월드,,0.021661607063904447,0.031549783473205605,0.011059281347801781
2023-07-07 23:00:00,롯데백화점에비뉴엘월드타워점,,0.007494500836486843,0.04010027843367863,1e-06
2023-07-07 23:00:00,롯데월드몰,,0.0027169524741497515,0.04581527659890131,1e-06
2023-07-07 23:00:00,롯데월드잠실점,,0.013741318631270929,0.06491947078380364,1e-06
2023-07-07 23:00:00,방이동 먹자골목,,0.038811806528052585,0.04025794725515165,0.03725869092533852
2023-07-07 23:00:00,올림픽공원세계평화의문,,0.02395555753930792,0.06959539553671308,1e-06
2023-07-07 23:00:00,잠실역 롯데월드,,0.017080535615377365,0.02501101823889423,0.008124963871960355
2023-07-08 00:00:00,롯데백화점에비뉴엘월드타워점,,0.0016107241274460897,0.03363588483514787,1e-06
2023-07-08 00:00:00,롯데월드몰,,1e-06,0.08945756611576215,1e-06
2023-07-08 00:00:00,롯데월드잠실점,,0.002709081776455936,0.04736457349056353,1e-06
2023-07-08 00:00:00,방이동 먹자골목,,0.032646584195428034,0.03409666730927588,0.03122595222895455
2023-07-08 00:00:00,올림픽공원세계평화의문,,0.01529261517707453,0.05624669953049014,1e-06
2023-07-08 00:00:00,잠실역 롯데월드,,0.01309928338708501,0.019256943012899163,0.006034156146792276
2023-07-08 01:00:00,롯데백화점에비뉴엘월드타워점,,0.0022786387620292404,0.03767941443669722,1e-06
2023-07-08 01:00:00,롯데월드몰,,1e-06,0.06498605925034433,1e-06
2023-07-08 01:00:00,롯데월드잠실점,,0.00876460301421238,0.054875101662714365,1e-06
2023-07-08 01:00:00,방이동 먹자골목,,0.029835813360490574,0.03140199168740092,0.02840324610025113
2023-07-08 01:00:00,올림픽공원세계평화의문,,0.009096414466751038,0.04296605280659364,1e-06
2023-07-08 01:00:00,잠실역 롯데월드,,0.012134797975879028,0.018632577220799473,0.004986479233844138
2023-07-08 02:00:00,롯데백화점에비뉴엘월드타워점,,0.002623824853198097,0.034285668696703735,1e-06
2023-07-08 02:00:00,롯데월드몰,,1e-06,0.041199277085017263,1e-06
2023-07-08 02:00:00,롯데월드잠실점,,0.008134868631184441,0.0536808808712834,1e-06
2023-07-08 02:00:00,방이동 먹자골목,,0.027448440898579354,0.028984934849888396,0.02605777420404244
2023-07-08 02:00:00,올림픽공원세계평화의문,,0.006715443658530427,0.038281171170354004,1e-06
2023-07-08 02:00:00,잠실역 롯데월드,,0.011784022524808818,0.017591862664291448,0.005253984915435864
2023-07-08 03:00:00,롯데백화점에비뉴엘월드타워점,,0.0004686544417539152,0.03083780866995044,1e-06
2023-07-08 03:00:00,롯데월드몰,,1e-06,0.0374851702980628,1e-06
2023-07-08 03:00:00,롯데월드잠실점,,0.005062500910340498,0.051262825093245756,1e-06
2023-07-08 03:00:00,방이동 먹자골목,,0.025472305251210872,0.027008357670653124,0.0239415400880956
2023-07-08 03:00:00,올림픽공원세계평화의문,,0.002469113091363615,0.03560867747798308,1e-06
2023-07-08 03:00:00,잠실역 롯데월드,,0.011564716575046482,0.017866401747289783,0.005065939656795327
2023-07-08 04:00:00,롯데백화점에비뉴엘월드타워점,,1e-06,0.029946794673320426,1e-06
2023-07-08 04:00:00,롯데월드몰,,1e-06,0.031842640437176786,1e-06
2023-07-08 04:00:00,롯데월드잠실점,,0.005370441510346907,0.052405827225981486,1e-06
2023-07-08 04:00:00,방이동 먹자골목,,0.024078724281601186,0.0256449420614254,0.022593576597913972
2023-07-08 04:00:00,올림픽공원세계평화의문,,1e-06,0.02698530505654692,1e-06
2023-07-08 04:00:00,잠실역 롯데월드,,0.011438494155825046,0.017823643107604942,0.004764297699849356
2023-07-08 05:00:00,롯데백화점에비뉴엘월드타워점,,1e-06,0.03309120764170026,1e-06
2023-07-08 05:00:00,롯데월드몰,,0.0014315467151233868,0.03125695326451368,1e-06
2023-07-08 05:00:00,롯데월드잠실점,,0.00996166774584804,0.058435722042642,1e-06
2023-07-08 05:00:00,방이동 먹자골목,,0.023417689766547428,0.024997789663063905,0.02184131067858155
2023-07-08 05:00:00,올림픽공원세계평화의문,,1e-06,0.026614310592369034,1e-06
2023-07-08 05:00:00,잠실역 롯데월드,,0.011702331657987479,0.017820053417954,0.004752677147260481
2023-07-08 06:00:00,롯데백화점에비뉴엘월드타워점,,0.0025521521309994884,0.03332378645894551,1e-06
2023-07-08 06:00:00,롯데월드몰,,0.0046278774585795926,0.08141583433996524,1e-06
2023-07-08 06:00:00,롯데월드잠실점,,0.014323250113209991,0.06917350651408877,1e-06
2023-07-08 06:00:00,방이동 먹자골목,,0.023900369850517633,0.02549330039888455,0.022353977952455972
2023-07-08 06:00:00,올림픽공원세계평화의문,,1e-06,0.033056370533153835,1e-06
2023-07-08 06:00:00,잠실역 롯데월드,,0.014008846724180887,0.02134598842856364,0.005606560179506718
2023-07-08 07:00:00,롯데백화점에비뉴엘월드타워점,,0.008279367094660891,0.04126689153217241,1e-06
2023-07-08 07:00:00,롯데월드몰,,0.010088770376892587,0.1653127648657138,1e-06
2023-07-08 07:00:00,롯데월드잠실점,,0.021483185998501308,0.08267651295925409,1e-06
2023-07-08 07:00:00,방이동 먹자골목,,0.024388658454371142,0.025848993904492655,0.022847566484336567
2023-07-08 07:00:00,올림픽공원세계평화의문,,0.02492679125351955,0.07670619717166664,1e-06
2023-07-08 07:00:00,잠실역 롯데월드,,0.016803521530031857,0.025570507749421524,0.006713733934987494
2023-07-08 08:00:00,롯데백화점에비뉴엘월드타워점,,0.01764716483609403,0.05342062936675278,1e-06
2023-07-08 08:00:00,롯데월드몰,,0.013957196881705507,0.23322002963483257,1e-06
2023-07-08 08:00:00,롯데월드잠실점,,0.036568065544555606,0.11822573781251694,1e-06
2023-07-08 08:00:00,방이동 먹자골목,,0.025243903753118035,0.026743790308340634,0.02377301942883037
2023-07-08 08:00:00,올림픽공원세계평화의문,,0.05880570400853608,0.1461083976241649,1e-06
2023-07-08 08:00:00,잠실역 롯데월드,,0.02182188508058042,0.03291156727827278,0.008914580536540581
2023-07-08 09:00:00,롯데백화점에비뉴엘월드타워점,,0.03606425251744923,0.07704310936793328,1e-06
2023-07-08 09:00:00,롯데월드몰,,0.017032501090302632,0.28581652588211814,1e-06
2023-07-08 09:00:00,롯데월드잠실점,,0.06843256390161222,0.2126091584302443,1e-06
2023-07-08 09:00:00,방이동 먹자골목,,0.026513732570325757,0.028024953413459598,0.02503300117328373
2023-07-08 09:00:00,올림픽공원세계평화의문,,0.09026866142455313,0.21734703630274704,1e-06
2023-07-08 09:00:00,잠실역 롯데월드,,0.02920111624577061,0.04414140504627277,0.012175941892740506
2023-07-08 10:00:00,롯데백화점에비뉴엘월드타워점,,0.0682357939005432,0.12576716609230743,0.01159957418994595
2023-07-08 10:00:00,롯데월드몰,,0.021591147854476776,0.3619853276814257,1e-06
2023-07-08 10:00:00,롯데월드잠실점,,0.11852160727848501,0.3518833725927205,1e-06
2023-07-08 10:00:00,방이동 먹자골목,,0.028183991772774745,0.029739549130360515,0.026494208870773934
2023-07-08 10:00:00,올림픽공원세계평화의문,,0.11138245173867665,0.272898269355412,1e-06
2023-07-08 10:00:00,잠실역 롯데월드,,0.03825637876524488,0.05879540148368627,0.01480877124392592
2023-07-08 11:00:00,롯데백화점에비뉴엘월드타워점,,0.11233128422739805,0.19385133814891853,0.03549225854795328
2023-07-08 11:00:00,롯데월드몰,,0.02859411783020795,0.4858003493194797,1e-06
2023-07-08 11:00:00,롯데월드잠실점,,0.17601992981397505,0.5225998601493479,1e-06
2023-07-08 11:00:00,방이동 먹자골목,,0.029916093727335977,0.03154076722875145,0.028342811489505487
2023-07-08 11:00:00,올림픽공원세계평화의문,,0.12206229359716714,0.30556259636977473,1e-06
2023-07-08 11:00:00,잠실역 롯데월드,,0.047564077459276446,0.07279926645984396,0.019668991631047367
2023-07-08 12:00:00,롯데백화점에비뉴엘월드타워점,,0.1577390257403115,0.2748709990512411,0.051607425125379885
2023-07-08 12:00:00,롯데월드몰,,0.02978823423054921,0.5123137723741595,1e-06
2023-07-08 12:00:00,롯데월드잠실점,,0.23112512220797118,0.6894037629420454,1e-06
2023-07-08 12:00:00,방이동 먹자골목,,0.03136488401262746,0.03294375491945986,0.02979113539358005
2023-07-08 12:00:00,올림픽공원세계평화의문,,0.11984201011642633,0.30407761865781596,1e-06
2023-07-08 12:00:00,잠실역 롯데월드,,0.05409553998991946,0.08308899338744824,0.020266852219259585
2023-07-08 13:00:00,롯데백화점에비뉴엘월드타워점,,0.1951520043731023,0.3287942030849152,0.06103556411985961
2023-07-08 13:00:00,롯데월드몰,,0.034440045113772175,0.6025110387658758,1e-06
2023-07-08 13:00:00,롯데월드잠실점,,0.257496852309151,0.7813325189757795,1e-06
2023-07-08 13:00:00,방이동 먹자골목,,0.03168127976595956,0.03339407806460499,0.03015829423606382
2023-07-08 13:00:00,올림픽공원세계평화의문,,0.12531052371502735,0.3204516968189384,1e-06
2023-07-08 13:00:00,잠실역 롯데월드,,0.059843161660678656,0.09357809226747356,0.02271549787994437
2023-07-08 14:00:00,롯데백화점에비뉴엘월드타워점,,0.21780922962832494,0.3744695589873413,0.06466788767996323
2023-07-08 14:00:00,롯데월드몰,,0.034817355350560096,0.6205413806619231,1e-06
2023-07-08 14:00:00,롯데월드잠실점,,0.26433649569391426,0.812672665564702,1e-06
2023-07-08 14:00:00,방이동 먹자골목,,0.03148224819517251,0.032988584197105944,0.029942977770035593
2023-07-08 14:00:00,올림픽공원세계평화의문,,0.13055451896686904,0.33924391540149584,1e-06
2023-07-08 14:00:00,잠실역 롯데월드,,0.06332810932155793,0.09928916596755856,0.0228562015928493
2023-07-08 15:00:00,롯데백화점에비뉴엘월드타워점,,0.2288091793543699,0.3941427272346984,0.05826055945981678
2023-07-08 15:00:00,롯데월드몰,,0.03309834637022584,0.5977902955858079,1e-06
2023-07-08 15:00:00,롯데월드잠실점,,0.2624057170075633,0.8190130615081701,1e-06
2023-07-08 15:00:00,방이동 먹자골목,,0.031841617607011166,0.03344169075757627,0.030264015033768445
2023-07-08 15:00:00,올림픽공원세계평화의문,,0.13237362910992884,0.34156907702869643,1e-06
2023-07-08 15:00:00,잠실역 롯데월드,,0.06509416684630477,0.1019592045779309,0.023636506390381423
2023-07-08 16:00:00,롯데백화점에비뉴엘월드타워점,,0.235072349045068,0.4068864654192311,0.06950230812633591
2023-07-08 16:00:00,롯데월드몰,,0.03316419299013557,0.6116037273871878,1e-06
2023-07-08 16:00:00,롯데월드잠실점,,0.25949424693326173,0.8123483751349355,1e-06
2023-07-08 16:00:00,방이동 먹자골목,,0.03383646126240976,0.03535261604355922,0.032196793016519495
2023-07-08 16:00:00,올림픽공원세계평화의문,,0.12891179752995124,0.3329644275921111,1e-06
2023-07-08 16:00:00,잠실역 롯데월드,,0.06547387537677786,0.10254950977389576,0.02425764392357166
2023-07-08 17:00:00,롯데백화점에비뉴엘월드타워점,,0.23917273989928473,0.4258354489440661,0.06532594208250544
2023-07-08 17:00:00,롯데월드몰,,0.03666366490059935,0.6714191917256012,1e-06
2023-07-08 17:00:00,롯데월드잠실점,,0.25228148467916406,0.7915927811387796,1e-06
2023-07-08 17:00:00,방이동 먹자골목,,0.03765179650824347,0.039176056386180186,0.036118788355222545
2023-07-08 17:00:00,올림픽공원세계평화의문,,0.1219159277468814,0.3239934245785987,1e-06
2023-07-08 17:00:00,잠실역 롯데월드,,0.06411427881968952,0.10273699859273515,0.0212616349867537
2023-07-08 18:00:00,롯데백화점에비뉴엘월드타워점,,0.23033970522736463,0.4121150684300186,0.05974850563810922
2023-07-08 18:00:00,롯데월드몰,,0.057158516558030455,1.086712404072327,1e-06
2023-07-08 18:00:00,롯데월드잠실점,,0.23464005795601597,0.7356322729620454,1e-06
2023-07-08 18:00:00,방이동 먹자골목,,0.042032732521358626,0.043589601609295314,0.04050558571827758
2023-07-08 18:00:00,올림픽공원세계평화의문,,0.11445154065485424,0.29772147995812415,1e-06
2023-07-08 18:00:00,잠실역 롯데월드,,0.06099309900897771,0.09722012674857862,0.020827735512906197
2023-07-08 19:00:00,롯데백화점에비뉴엘월드타워점,,0.21079439145114962,0.37619450377773006,0.052751447907313544
2023-07-08 19:00:00,롯데월드몰,,0.056781813865274956,1.0887461699922034,1e-06
2023-07-08 19:00:00,롯데월드잠실점,,0.19100454129572336,0.627080317186916,1e-06
2023-07-08 19:00:00,방이동 먹자골목,,0.0455828478786534,0.04714713419892157,0.04397058024492474
2023-07-08 19:00:00,올림픽공원세계평화의문,,0.10613750738140151,0.2791185258040603,1e-06
2023-07-08 19:00:00,잠실역 롯데월드,,0.05417487812602002,0.08678917211654519,0.017388545019080378
2023-07-08 20:00:00,롯데백화점에비뉴엘월드타워점,,0.1719117737489375,0.30662063551297547,0.04215909237935641
2023-07-08 20:00:00,롯데월드몰,,0.04866109763534597,0.9389930510880661,1e-06
2023-07-08 20:00:00,롯데월드잠실점,,0.13314132560757355,0.42507133017164095,1e-06
2023-07-08 20:00:00,방이동 먹자골목,,0.04667776439683289,0.0483042960265232,0.04519214933120511
2023-07-08 20:00:00,올림픽공원세계평화의문,,0.0931613565163178,0.2494077966342251,1e-06
2023-07-08 20:00:00,잠실역 롯데월드,,0.04502128046306788,0.07313403015253046,0.014916465062641666
2023-07-08 21:00:00,롯데백화점에비뉴엘월드타워점,,0.12066268096722385,0.21626879179223304,0.028997163438543912
2023-07-08 21:00:00,롯데월드몰,,0.03468185381800648,0.6823738742571728,1e-06
2023-07-08 21:00:00,롯데월드잠실점,,0.0784250381685349,0.26772423383991345,1e-06
2023-07-08 21:00:00,방이동 먹자골목,,0.04502269843497402,0.04657844470810183,0.04340609949816808
2023-07-08 21:00:00,올림픽공원세계평화의문,,0.07171260631375759,0.19829052884905968,1e-06
2023-07-08 21:00:00,잠실역 롯데월드,,0.0351003239274205,0.056549864378319645,0.011701675858088052
2023-07-08 22:00:00,롯데백화점에비뉴엘월드타워점,,0.07048048276031815,0.1367937964939627,0.00472052562520103
2023-07-08 22:00:00,롯데월드몰,,0.020544085534736613,0.4049306855125386,1e-06
2023-07-08 22:00:00,롯데월드잠실점,,0.042095734762498664,0.14962614929778667,1e-06
2023-07-08 22:00:00,방이동 먹자골목,,0.04143960226819185,0.043073724525051156,0.03999196668331995
2023-07-08 22:00:00,올림픽공원세계평화의문,,0.043236719840990805,0.12637007332249198,1e-06
2023-07-08 22:00:00,잠실역 롯데월드,,0.026203066745109985,0.042603743455417425,0.008436672630187388
2023-07-08 23:00:00,롯데백화점에비뉴엘월드타워점,,0.03240257547387491,0.07343391098077935,1e-06
2023-07-08 23:00:00,롯데월드몰,,0.011334552342416473,0.2281266846536481,1e-06
2023-07-08 23:00:00,롯데월드잠실점,,0.026739943321521905,0.10272031314393082,1e-06
2023-07-08 23:00:00,방이동 먹자골목,,0.037160045530449506,0.03871371775870543,0.035685764925114966
2023-07-08 23:00:00,올림픽공원세계평화의문,,0.015129147468363826,0.05714720489809877,1e-06
2023-07-08 23:00:00,잠실역 롯데월드,,0.019479742050235456,0.0324703594880482,0.005385797055845916
2023-07-09 00:00:00,롯데백화점에비뉴엘월드타워점,,0.01572317065225203,0.049422786531761805,1e-06
2023-07-09 00:00:00,롯데월드몰,,0.00013579853155932663,0.021948008855694544,1e-06
2023-07-09 00:00:00,롯데월드잠실점,,0.012234840350611351,0.07044602947050892,1e-06
2023-07-09 00:00:00,방이동 먹자골목,,0.032546520398594216,0.034030714966695824,0.030971611949959316
2023-07-09 00:00:00,올림픽공원세계평화의문,,0.006973568249446379,0.041368080374973956,1e-06
2023-07-09 00:00:00,잠실역 롯데월드,,0.014657841572236053,0.0246074468854014,0.0035854406025163164
2023-07-09 01:00:00,롯데백화점에비뉴엘월드타워점,,0.001445913009666069,0.03363623142637629,1e-06
2023-07-09 01:00:00,롯데월드몰,,1e-06,0.02489992763574396,1e-06
2023-07-09 01:00:00,롯데월드잠실점,,0.008012600677723492,0.05784286904888874,1e-06
2023-07-09 01:00:00,방이동 먹자골목,,0.028942035001058,0.030647474290074403,0.027414848219670912
2023-07-09 01:00:00,올림픽공원세계평화의문,,1e-06,0.03017703233313971,1e-06
2023-07-09 01:00:00,잠실역 롯데월드,,0.011959303910172001,0.020564189443074338,0.002648323813787614
2023-07-09 02:00:00,롯데백화점에비뉴엘월드타워점,,1e-06,0.024518963890109283,1e-06
2023-07-09 02:00:00,롯데월드몰,,1e-06,0.04136834501192941,1e-06
2023-07-09 02:00:00,롯데월드잠실점,,1e-06,0.044037751925979175,1e-06
2023-07-09 02:00:00,방이동 먹자골목,,0.025807554236912007,0.027337370610638897,0.0243223754086786
2023-07-09 02:00:00,올림픽공원세계평화의문,,1e-06,0.03184548727690282,1e-06
2023-07-09 02:00:00,잠실역 롯데월드,,0.010240474542781276,0.01723636907812687,0.0022667356835648638
2023-07-09 03:00:00,롯데백화점에비뉴엘월드타워점,,1e-06,0.01775755494129222,1e-06
2023-07-09 03:00:00,롯데월드몰,,1e-06,0.09214629254153302,1e-06
2023-07-09 03:00:00,롯데월드잠실점,,1e-06,0.040638349750412195,1e-06
2023-07-09 03:00:00,방이동 먹자골목,,0.0232046211022159,0.02491722629159073,0.021644565880197447
2023-07-09 03:00:00,올림픽공원세계평화의문,,1e-06,0.0274201025602293,1e-06
2023-07-09 03:00:00,잠실역 롯데월드,,0.009067123608183637,0.01545146267142985,0.0017211297418480284
2023-07-09 04:00:00,롯데백화점에비뉴엘월드타워점,,1e-06,0.016764729139483365,1e-06
2023-07-09 04:00:00,롯데월드몰,,1e-06,0.120461319090726,1e-06
2023-07-09 04:00:00,롯데월드잠실점,,1e-06,0.044378377416635785,1e-06
2023-07-09 04:00:00,방이동 먹자골목,,0.021359134766877376,0.02297165637838142,0.019853709010488135
2023-07-09 04:00:00,올림픽공원세계평화의문,,1e-06,0.02734330333359725,1e-06
2023-07-09 04:00:00,잠실역 롯데월드,,0.008397759712040896,0.014392984216432387,0.0015061987219665987
2023-07-09 05:00:00,롯데백화점에비뉴엘월드타워점,,1e-06,0.017843927954981936,1e-06
2023-07-09 05:00:00,롯데월드몰,,1e-06,0.09581530995623633,1e-06
2023-07-09 05:00:00,롯데월드잠실점,,1e-06,0.0396917655710947,1e-06
2023-07-09 05:00:00,방이동 먹자골목,,0.020449935726090742,0.021954486732718374,0.01906298712739044
2023-07-09 05:00:00,올림픽공원세계평화의문,,1e-06,0.031071629972024135,1e-06
2023-07-09 05:00:00,잠실역 롯데월드,,0.00847823052484421,0.015437108194513558,0.0015528201666758583
2023-07-09 06:00:00,롯데백화점에비뉴엘월드타워점,,1e-06,0.017696512593560067,1e-06
2023-07-09 06:00:00,롯데월드몰,,1e-06,0.06232625009260821,1e-06
2023-07-09 06:00:00,롯데월드잠실점,,1e-06,0.04305081596371517,1e-06
2023-07-09 06:00:00,방이동 먹자골목,,0.02088734371860755,0.022500333906401444,0.019303859738209025
2023-07-09 06:00:00,올림픽공원세계평화의문,,0.004489303713578665,0.039332299720451526,1e-06
2023-07-09 06:00:00,잠실역 롯데월드,,0.0108650186434411,0.01952958735248209,0.0016456591867199304
2023-07-09 07:00:00,롯데백화점에비뉴엘월드타워점,,1e-06,0.030594097627458634,1e-06
2023-07-09 07:00:00,롯데월드몰,,0.002614374140990001,0.05995053569305495,1e-06
2023-07-09 07:00:00,롯데월드잠실점,,0.008008899158353075,0.05759614863971416,1e-06
2023-07-09 07:00:00,방이동 먹자골목,,0.021505166043416724,0.023054583969888926,0.019904558147755363
2023-07-09 07:00:00,올림픽공원세계평화의문,,0.03254115721660461,0.10093823390474646,1e-06
2023-07-09 07:00:00,잠실역 롯데월드,,0.013896811784129996,0.023927265331888752,0.0035423263614549126
2023-07-09 08:00:00,롯데백화점에비뉴엘월드타워점,,0.011130331926997666,0.04729372613490149,1e-06
2023-07-09 08:00:00,롯데월드몰,,0.007556121742571228,0.16806899772362477,1e-06
2023-07-09 08:00:00,롯데월드잠실점,,0.025648485243651167,0.1063893559124385,1e-06
2023-07-09 08:00:00,방이동 먹자골목,,0.02260937458944964,0.024156351099398933,0.021205661078860363
2023-07-09 08:00:00,올림픽공원세계평화의문,,0.0677909828121256,0.19935520711717059,1e-06
2023-07-09 08:00:00,잠실역 롯데월드,,0.019175628735617442,0.033124114878906076,0.0039298026457947974
2023-07-09 09:00:00,롯데백화점에비뉴엘월드타워점,,0.03459473682206271,0.08402417160110306,1e-06
2023-07-09 09:00:00,롯데월드몰,,0.01240088348279333,0.2813594310179422,1e-06
2023-07-09 09:00:00,롯데월드잠실점,,0.05971184809771558,0.22202275364005222,1e-06
2023-07-09 09:00:00,방이동 먹자골목,,0.024174403735243686,0.025673293681765776,0.02272285431570898
2023-07-09 09:00:00,올림픽공원세계평화의문,,0.09862341533968681,0.3011249306799117,1e-06
2023-07-09 09:00:00,잠실역 롯데월드,,0.026718346068719666,0.045378654634276955,0.0064571161261668935
2023-07-09 10:00:00,롯데백화점에비뉴엘월드타워점,,0.06969216181641776,0.14264728174497157,1e-06
2023-07-09 10:00:00,롯데월드몰,,0.0191165201672842,0.43596270366270845,1e-06
2023-07-09 10:00:00,롯데월드잠실점,,0.11108136107827223,0.41625201544528373,1e-06
2023-07-09 10:00:00,방이동 먹자골목,,0.02610431960358343,0.027542834299309024,0.02446023163782965
2023-07-09 10:00:00,올림픽공원세계평화의문,,0.1170444850301818,0.3431970508098088,1e-06
2023-07-09 10:00:00,잠실역 롯데월드,,0.035744756348863135,0.061257848122398324,0.006134398807253059
2023-07-09 11:00:00,롯데백화점에비뉴엘월드타워점,,0.11390607144408978,0.2275417052670051,0.0033232304883542146
2023-07-09 11:00:00,롯데월드몰,,0.02829678503525026,0.6356108660562072,1e-06
2023-07-09 11:00:00,롯데월드잠실점,,0.1685298634857745,0.6246846716497578,1e-06
2023-07-09 11:00:00,방이동 먹자골목,,0.027981294530413304,0.029567958461861794,0.02646658465330467
2023-07-09 11:00:00,올림픽공원세계평화의문,,0.12338736101650738,0.3685154847369358,1e-06
2023-07-09 11:00:00,잠실역 롯데월드,,0.044773124119396435,0.07686599492231215,0.009480824129213746
2023-07-09 12:00:00,롯데백화점에비뉴엘월드타워점,,0.1566919988951851,0.317335049486637,0.00032019520148681926
2023-07-09 12:00:00,롯데월드몰,,0.031295203042424447,0.7223986174770558,1e-06
2023-07-09 12:00:00,롯데월드잠실점,,0.22206574979246732,0.8363416673297728,1e-06
2023-07-09 12:00:00,방이동 먹자골목,,0.029393769076088243,0.031053013240620264,0.02793663101685
2023-07-09 12:00:00,올림픽공원세계평화의문,,0.11572363141353546,0.3441295882108531,1e-06
2023-07-09 12:00:00,잠실역 롯데월드,,0.05076644239578889,0.08908334947108505,0.01172232416592487
2023-07-09 13:00:00,롯데백화점에비뉴엘월드타워점,,0.18914634889951615,0.38034217953710553,1e-06
2023-07-09 13:00:00,롯데월드몰,,0.03707026384646743,0.8466481415171443,1e-06
2023-07-09 13:00:00,롯데월드잠실점,,0.24535253785826355,0.9232304939554439,1e-06
2023-07-09 13:00:00,방이동 먹자골목,,0.02944902032302031,0.030947753297061956,0.027993241930772222
2023-07-09 13:00:00,올림픽공원세계평화의문,,0.11590938337905984,0.3472073476063941,1e-06
2023-07-09 13:00:00,잠실역 롯데월드,,0.05572964017624674,0.09728763370237092,0.011295905610569463
2023-07-09 14:00:00,롯데백화점에비뉴엘월드타워점,,0.20518177445829786,0.4195327743463496,0.0010145834792492717
2023-07-09 14:00:00,롯데월드몰,,0.03763952099531075,0.8792692609663918,1e-06
2023-07-09 14:00:00,롯데월드잠실점,,0.24789792231414365,0.9471577416320472,1e-06
2023-07-09 14:00:00,방이동 먹자골목,,0.02874732747879404,0.03022749835332368,0.02717284043836727
2023-07-09 14:00:00,올림픽공원세계평화의문,,0.11649404165697394,0.3443503946869191,1e-06
2023-07-09 14:00:00,잠실역 롯데월드,,0.05825560600582212,0.1025140509451913,0.01167863374961371
2023-07-09 15:00:00,롯데백화점에비뉴엘월드타워점,,0.20844840680148433,0.4432352254485177,1e-06
2023-07-09 15:00:00,롯데월드몰,,0.03508439373125971,0.8351944651968306,1e-06
2023-07-09 15:00:00,롯데월드잠실점,,0.24094826172296427,0.9210194402453735,1e-06
2023-07-09 15:00:00,방이동 먹자골목,,0.02837738096101434,0.029924565751917164,0.026727972990054166
2023-07-09 15:00:00,올림픽공원세계평화의문,,0.11476151945785247,0.3451106588091215,1e-06
2023-07-09 15:00:00,잠실역 롯데월드,,0.058984422077504754,0.1041132479365038,0.009457081482797142
2023-07-09 16:00:00,롯데백화점에비뉴엘월드타워점,,0.20647428567233939,0.4361548124242891,1e-06
2023-07-09 16:00:00,롯데월드몰,,0.03334433957504271,0.7979521164718897,1e-06
2023-07-09 16:00:00,롯데월드잠실점,,0.23288217062929314,0.8972233308997665,1e-06
2023-07-09 16:00:00,방이동 먹자골목,,0.029462693929451063,0.030964885738307236,0.02802669468054867
2023-07-09 16:00:00,올림픽공원세계평화의문,,0.1091904874860759,0.34743444900706766,1e-06
2023-07-09 16:00:00,잠실역 롯데월드,,0.05836774616464004,0.1026326205536658,0.008845972284444944
2023-07-09 17:00:00,롯데백화점에비뉴엘월드타워점,,0.2027482461712075,0.4226229900472862,1e-06
2023-07-09 17:00:00,롯데월드몰,,0.03427176227322954,0.8334381586678733,1e-06
2023-07-09 17:00:00,롯데월드잠실점,,0.22097597325954785,0.871681703903244,1e-06
2023-07-09 17:00:00,방이동 먹자골목,,0.03226306987037983,0.033798592174525764,0.030706552558072996
2023-07-09 17:00:00,올림픽공원세계평화의문,,0.10172685543301885,0.3160394821771819,1e-06
2023-07-09 17:00:00,잠실역 롯데월드,,0.05618136277025097,0.10012417021291845,0.009496910931266499
2023-07-09 18:00:00,롯데백화점에비뉴엘월드타워점,,0.18800318044499084,0.39722441153946353,1e-06
2023-07-09 18:00:00,롯데월드몰,,0.051786009347713255,1.2776664900195605,1e-06
2023-07-09 18:00:00,롯데월드잠실점,,0.19964662707954417,0.7800764429148833,1e-06
2023-07-09 18:00:00,방이동 먹자골목,,0.03561973519556416,0.03722813703672232,0.03406009559441168
2023-07-09 18:00:00,올림픽공원세계평화의문,,0.0954220728801211,0.3022136057607451,1e-06
2023-07-09 18:00:00,잠실역 롯데월드,,0.052519888318703946,0.09434232726148502,0.006617398779058905
2023-07-09 19:00:00,롯데백화점에비뉴엘월드타워점,,0.16520906580601685,0.34719200473350553,1e-06
2023-07-09 19:00:00,롯데월드몰,,0.04835154540120522,1.2066502599506388,1e-06
2023-07-09 19:00:00,롯데월드잠실점,,0.15372946803932463,0.6166888559038322,1e-06
2023-07-09 19:00:00,방이동 먹자골목,,0.03824188159987497,0.03979955615789972,0.03667436577846237
2023-07-09 19:00:00,올림픽공원세계평화의문,,0.0895574659814392,0.28751299228701677,1e-06
2023-07-09 19:00:00,잠실역 롯데월드,,0.045548135217732336,0.08207635765786031,0.0055808081189592865
2023-07-09 20:00:00,롯데백화점에비뉴엘월드타워점,,0.1267216526228084,0.2710312435225486,1e-06
2023-07-09 20:00:00,롯데월드몰,,0.03757002164521328,0.9313964718054595,1e-06
2023-07-09 20:00:00,롯데월드잠실점,,0.09527610410289954,0.3956446228934315,1e-06
2023-07-09 20:00:00,방이동 먹자골목,,0.03860892361377016,0.040157022350650246,0.037117220027886054
2023-07-09 20:00:00,올림픽공원세계평화의문,,0.07971187124920197,0.25305075782121295,1e-06
2023-07-09 20:00:00,잠실역 롯데월드,,0.03667344779193799,0.06677959507944278,0.004576007706956301
2023-07-09 21:00:00,롯데백화점에비뉴엘월드타워점,,0.07942361765144745,0.18092742617527047,1e-06
2023-07-09 21:00:00,롯데월드몰,,0.021745093044850127,0.5570354694369126,1e-06
2023-07-09 21:00:00,롯데월드잠실점,,0.04173993273107877,0.18201643511008941,1e-06
2023-07-09 21:00:00,방이동 먹자골목,,0.03651468859138839,0.03805224832000575,0.034977309455498935
2023-07-09 21:00:00,올림픽공원세계평화의문,,0.06136322624545877,0.20354293949011926,1e-06
2023-07-09 21:00:00,잠실역 롯데월드,,0.027461508364659895,0.05021368953465668,0.001954791462494668
2023-07-09 22:00:00,롯데백화점에비뉴엘월드타워점,,0.035973096343560156,0.08998353211899111,1e-06
2023-07-09 22:00:00,롯데월드몰,,0.006911138866446688,0.18141946271658188,1e-06
2023-07-09 22:00:00,롯데월드잠실점,,0.00820258996585504,0.05868449423573467,1e-06
2023-07-09 22:00:00,방이동 먹자골목,,0.03284486243227446,0.03430984480844969,0.0312606344584718
2023-07-09 22:00:00,올림픽공원세계평화의문,,0.03537117461410846,0.12071331771956866,1e-06
2023-07-09 22:00:00,잠실역 롯데월드,,0.01965006240173718,0.0361280800529494,0.0016206090614684283
2023-07-09 23:00:00,롯데백화점에비뉴엘월드타워점,,0.006365816475197523,0.039840170424629326,1e-06
2023-07-09 23:00:00,롯데월드몰,,1e-06,0.04524720931782773,1e-06
2023-07-09 23:00:00,롯데월드잠실점,,1e-06,0.04601076055512626,1e-06
2023-07-09 23:00:00,방이동 먹자골목,,0.028863348306015512,0.030456161370047977,0.027430251410086568
2023-07-09 23:00:00,올림픽공원세계평화의문,,0.008772967840392975,0.04777706909260723,1e-06
2023-07-09 23:00:00,잠실역 롯데월드,,0.014292239505368188,0.0271290977425643,0.0011960400673349423
2023-07-10 00:00:00,롯데백화점에비뉴엘월드타워점,,0.0048992544924275705,0.03895592471041784,1e-06
2023-07-10 00:00:00,롯데월드몰,,1e-06,0.19451317680456165,1e-06
2023-07-10 00:00:00,롯데월드잠실점,,1e-06,0.045366913042677884,1e-06
2023-07-10 00:00:00,방이동 먹자골목,,0.02723303148940585,0.02876927771664158,0.025765360696967884
2023-07-10 00:00:00,올림픽공원세계평화의문,,0.007246338307272881,0.04531544849948836,1e-06
2023-07-10 00:00:00,잠실역 롯데월드,,0.012137485586174189,0.02308128616603008,5.0894593089813885e-05
2023-07-10 01:00:00,롯데백화점에비뉴엘월드타워점,,1e-06,0.03191010417977426,1e-06
2023-07-10 01:00:00,롯데월드몰,,1e-06,0.14401331089209432,1e-06
2023-07-10 01:00:00,롯데월드잠실점,,1e-06,0.04202247624163756,1e-06
2023-07-10 01:00:00,방이동 먹자골목,,0.02465516501443427,0.026201904902327298,0.02319358806694951
2023-07-10 01:00:00,올림픽공원세계평화의문,,1e-06,0.031146254911451416,1e-06
2023-07-10 01:00:00,잠실역 롯데월드,,0.010950694443902616,0.021548487302476153,0.0002971653106747157
2023-07-10 02:00:00,롯데백화점에비뉴엘월드타워점,,1e-06,0.031265079193683015,1e-06
2023-07-10 02:00:00,롯데월드몰,,1e-06,0.08647064955624056,1e-06
2023-07-10 02:00:00,롯데월드잠실점,,1e-06,0.048605610705335915,1e-06
2023-07-10 02:00:00,방이동 먹자골목,,0.022825643397752948,0.02443063968649543,0.02126181032787251
2023-07-10 02:00:00,올림픽공원세계평화의문,,1e-06,0.0291102534412903,1e-06
2023-07-10 02:00:00,잠실역 롯데월드,,0.010581005920992967,0.020614475716480028,0.0005374244719766854
2023-07-10 03:00:00,롯데백화점에비뉴엘월드타워점,,1e-06,0.026169006175779153,1e-06
2023-07-10 03:00:00,롯데월드몰,,1e-06,0.05424566572517404,1e-06
2023-07-10 03:00:00,롯데월드잠실점,,1e-06,0.0598582101483795,1e-06
2023-07-10 03:00:00,방이동 먹자골목,,0.021713519769363327,0.023252652766529193,0.02020074241345016
2023-07-10 03:00:00,올림픽공원세계평화의문,,1e-06,0.035317636605798425,1e-06
2023-07-10 03:00:00,잠실역 롯데월드,,0.010441982002229113,0.020206191626265784,1e-06
2023-07-10 04:00:00,롯데백화점에비뉴엘월드타워점,,1e-06,0.026119305109496272,1e-06
2023-07-10 04:00:00,롯데월드몰,,1e-06,0.022096062395485897,1e-06
2023-07-10 04:00:00,롯데월드잠실점,,1e-06,0.0589367324211717,1e-06
2023-07-10 04:00:00,방이동 먹자골목,,0.02143679246631256,0.022939356174080498,0.019893392581365216
2023-07-10 04:00:00,올림픽공원세계평화의문,,1e-06,0.0391523834439223,1e-06
2023-07-10 04:00:00,잠실역 롯데월드,,0.010364126200465933,0.020070888443129264,1e-06
2023-07-10 05:00:00,롯데백화점에비뉴엘월드타워점,,1e-06,0.027926054188945167,1e-06
2023-07-10 05:00:00,롯데월드몰,,0.004390338073210156,0.11723683011799656,1e-06
2023-07-10 05:00:00,롯데월드잠실점,,1e-06,0.06235549125666219,1e-06
2023-07-10 05:00:00,방이동 먹자골목,,0.022062138580854648,0.02354456387451251,0.020490833995048224
2023-07-10 05:00:00,올림픽공원세계평화의문,,1e-06,0.049691442371840956,1e-06
2023-07-10 05:00:00,잠실역 롯데월드,,0.010504334524287225,0.020675571696246942,1e-06
2023-07-10 06:00:00,롯데백화점에비뉴엘월드타워점,,1e-06,0.030652619540406757,1e-06
2023-07-10 06:00:00,롯데월드몰,,0.00850044007280169,0.2359707861706359,1e-06
2023-07-10 06:00:00,롯데월드잠실점,,1e-06,0.06273258030554121,1e-06
2023-07-10 06:00:00,방이동 먹자골목,,0.023894147150356686,0.025539420107376257,0.02231691112127828
2023-07-10 06:00:00,올림픽공원세계평화의문,,1e-06,0.043964010927261876,1e-06
2023-07-10 06:00:00,잠실역 롯데월드,,0.012374311693872231,0.02460901229587322,0.00013362672259316187
2023-07-10 07:00:00,롯데백화점에비뉴엘월드타워점,,1e-06,0.02966201694311155,1e-06
2023-07-10 07:00:00,롯데월드몰,,0.014190739535387492,0.40186966574931865,1e-06
2023-07-10 07:00:00,롯데월드잠실점,,1e-06,0.054880633850282884,1e-06
2023-07-10 07:00:00,방이동 먹자골목,,0.025679655550369763,0.027183732354895577,0.024182535359940065
2023-07-10 07:00:00,올림픽공원세계평화의문,,0.003648992158789717,0.03746550183171072,1e-06
2023-07-10 07:00:00,잠실역 롯데월드,,0.014338781821519375,0.027797396924455466,1e-06
2023-07-10 08:00:00,롯데백화점에비뉴엘월드타워점,,0.00014061537448120597,0.03236393481957283,1e-06
2023-07-10 08:00:00,롯데월드몰,,0.017324231021846593,0.4873220064202909,1e-06
2023-07-10 08:00:00,롯데월드잠실점,,1e-06,0.045877413838241336,1e-06
2023-07-10 08:00:00,방이동 먹자골목,,0.027660378569722213,0.02933769608203068,0.02616984519859337
2023-07-10 08:00:00,올림픽공원세계평화의문,,0.03489367954518671,0.12591355597557372,1e-06
2023-07-10 08:00:00,잠실역 롯데월드,,0.018064037060335287,0.035450918199694946,1e-06
2023-07-10 09:00:00,롯데백화점에비뉴엘월드타워점,,0.008187275460005241,0.041886588909531786,1e-06
2023-07-10 09:00:00,롯데월드몰,,0.018544471680415286,0.5350561630236926,1e-06
2023-07-10 09:00:00,롯데월드잠실점,,0.01974939047122377,0.10476007255395303,1e-06
2023-07-10 09:00:00,방이동 먹자골목,,0.029776484561412308,0.031338742640757256,0.028184486182134004
2023-07-10 09:00:00,올림픽공원세계평화의문,,0.06264894143922707,0.2195315728219205,1e-06
2023-07-10 09:00:00,잠실역 롯데월드,,0.023686072382299805,0.04668075407229817,1e-06
2023-07-10 10:00:00,롯데백화점에비뉴엘월드타워점,,0.025872883236078694,0.0751432328026262,1e-06
2023-07-10 10:00:00,롯데월드몰,,0.020111662422158023,0.5815021057632506,1e-06
2023-07-10 10:00:00,롯데월드잠실점,,0.0604159289451796,0.27269781026286494,1e-06
2023-07-10 10:00:00,방이동 먹자골목,,0.031929037214085326,0.03357156782301391,0.030450660906647494
2023-07-10 10:00:00,올림픽공원세계평화의문,,0.07887320986269428,0.2825809311938961,1e-06
2023-07-10 10:00:00,잠실역 롯데월드,,0.030583051130954424,0.05975581432094538,1e-06
2023-07-10 11:00:00,롯데백화점에비뉴엘월드타워점,,0.052059356445276345,0.1300782340141931,1e-06
2023-07-10 11:00:00,롯데월드몰,,0.02311268547971996,0.665131217570171,1e-06
2023-07-10 11:00:00,롯데월드잠실점,,0.10760947595689993,0.4965618276873022,1e-06
2023-07-10 11:00:00,방이동 먹자골목,,0.03372702656197814,0.03540123711082248,0.032134805458198676
2023-07-10 11:00:00,올림픽공원세계평화의문,,0.08393588660947035,0.3022008996057028,1e-06
2023-07-10 11:00:00,잠실역 롯데월드,,0.03745507097577886,0.07400218322481758,1e-06
2023-07-10 12:00:00,롯데백화점에비뉴엘월드타워점,,0.07800007437286502,0.18827916640801504,1e-06
2023-07-10 12:00:00,롯데월드몰,,0.019525582732002854,0.5735250472463856,1e-06
2023-07-10 12:00:00,롯데월드잠실점,,0.15220603875530567,0.7229120725070538,1e-06
2023-07-10 12:00:00,방이동 먹자골목,,0.03481032805954527,0.03639144099161816,0.033181785887825235
2023-07-10 12:00:00,올림픽공원세계평화의문,,0.07576140405498795,0.2708834804718508,1e-06
2023-07-10 12:00:00,잠실역 롯데월드,,0.04145739750663691,0.08216784327482726,1e-06
2023-07-10 13:00:00,롯데백화점에비뉴엘월드타워점,,0.09642210842189768,0.2332265687358963,1e-06
2023-07-10 13:00:00,롯데월드몰,,0.01905049453854698,0.567034842583066,1e-06
2023-07-10 13:00:00,롯데월드잠실점,,0.16861190678947882,0.8012642710198853,1e-06
2023-07-10 13:00:00,방이동 먹자골목,,0.03435579900635034,0.035877513568368616,0.03275599185052043
2023-07-10 13:00:00,올림픽공원세계평화의문,,0.07661383151999253,0.277111377200524,1e-06
2023-07-10 13:00:00,잠실역 롯데월드,,0.04474854183399279,0.08842209999062467,1e-06
2023-07-10 14:00:00,롯데백화점에비뉴엘월드타워점,,0.10252975096423812,0.2555403844210954,1e-06
2023-07-10 14:00:00,롯데월드몰,,0.014403234013863522,0.44017317083109875,1e-06
2023-07-10 14:00:00,롯데월드잠실점,,0.16700184447531796,0.7993134696329321,1e-06
2023-07-10 14:00:00,방이동 먹자골목,,0.033040413487020207,0.03455625780736647,0.03154774883660718
2023-07-10 14:00:00,올림픽공원세계평화의문,,0.07861761673784595,0.29284342220277215,1e-06
2023-07-10 14:00:00,잠실역 롯데월드,,0.046062030182662465,0.09203934241982978,1e-06
2023-07-10 15:00:00,롯데백화점에비뉴엘월드타워점,,0.10050137715014053,0.24739740054030088,1e-06
2023-07-10 15:00:00,롯데월드몰,,0.00829262520441324,0.2564790879987755,1e-06
2023-07-10 15:00:00,롯데월드잠실점,,0.15907233704738047,0.7584882873923706,1e-06
2023-07-10 15:00:00,방이동 먹자골목,,0.03202912939295647,0.03361578168437241,0.030416085625981363
2023-07-10 15:00:00,올림픽공원세계평화의문,,0.0787652121954218,0.2928776943392483,1e-06
2023-07-10 15:00:00,잠실역 롯데월드,,0.04612733131304017,0.09176950835088639,1e-06
2023-07-10 16:00:00,롯데백화점에비뉴엘월드타워점,,0.09785040206599725,0.25012696979102617,1e-06
2023-07-10 16:00:00,롯데월드몰,,0.005119562673362722,0.16039205141862153,1e-06
2023-07-10 16:00:00,롯데월드잠실점,,0.15338754239161062,0.7508258040576341,1e-06
2023-07-10 16:00:00,방이동 먹자골목,,0.03251372925835297,0.03400782679736698,0.03096951071841792
2023-07-10 16:00:00,올림픽공원세계평화의문,,0.07532120828428242,0.29093913424377704,1e-06
2023-07-10 16:00:00,잠실역 롯데월드,,0.04543783217841967,0.0912825612944479,1e-06
2023-07-10 17:00:00,롯데백화점에비뉴엘월드타워점,,0.09786913520832881,0.24863732662287427,1e-06
2023-07-10 17:00:00,롯데월드몰,,0.006965373095899171,0.2150012674037721,1e-06
2023-07-10 17:00:00,롯데월드잠실점,,0.14711440923301297,0.7350263228079524,1e-06
2023-07-10 17:00:00,방이동 먹자골목,,0.03480885848969716,0.036337669572317426,0.03339307554379429
2023-07-10 17:00:00,올림픽공원세계평화의문,,0.07018222840934558,0.2635542510046323,1e-06
2023-07-10 17:00:00,잠실역 롯데월드,,0.04376367261540909,0.08769383065360643,1e-06
2023-07-10 18:00:00,롯데백화점에비뉴엘월드타워점,,0.09135432723403265,0.23415848748374327,1e-06
2023-07-10 18:00:00,롯데월드몰,,0.02774567513176918,0.8766443116566071,1e-06
2023-07-10 18:00:00,롯데월드잠실점,,0.1343012556977037,0.6613129895981514,1e-06
2023-07-10 18:00:00,방이동 먹자골목,,0.03779350312891547,0.039323452890906656,0.036117481652084865
2023-07-10 18:00:00,올림픽공원세계평화의문,,0.06646090598866104,0.24695942162460577,1e-06
2023-07-10 18:00:00,잠실역 롯데월드,,0.0411447057353436,0.0846944157585825,1e-06
2023-07-10 19:00:00,롯데백화점에비뉴엘월드타워점,,0.08044770610848055,0.1981134519028396,1e-06
2023-07-10 19:00:00,롯데월드몰,,0.029549800071063174,0.9501588725161064,1e-06
2023-07-10 19:00:00,롯데월드잠실점,,0.0991792629961453,0.5078284552784841,1e-06
2023-07-10 19:00:00,방이동 먹자골목,,0.04019406639022629,0.04169684844126848,0.03856169602642153
2023-07-10 19:00:00,올림픽공원세계평화의문,,0.06347089115576368,0.24575491914364972,1e-06
2023-07-10 19:00:00,잠실역 롯데월드,,0.03566046895577398,0.07393587983948588,1e-06
2023-07-10 20:00:00,롯데백화점에비뉴엘월드타워점,,0.056968165261133234,0.15158160290644906,1e-06
2023-07-10 20:00:00,롯데월드몰,,0.02548871839865654,0.810166511479662,1e-06
2023-07-10 20:00:00,롯데월드잠실점,,0.05310770793036563,0.27498705795733913,1e-06
2023-07-10 20:00:00,방이동 먹자골목,,0.04048751711140328,0.04198023419799094,0.03890426375387744
2023-07-10 20:00:00,올림픽공원세계평화의문,,0.05677221998894327,0.2232651266501157,1e-06
2023-07-10 20:00:00,잠실역 롯데월드,,0.028588634997872904,0.05895442293215173,1e-06
2023-07-10 21:00:00,롯데백화점에비뉴엘월드타워점,,0.026430853454613996,0.0811732067502073,1e-06
2023-07-10 21:00:00,롯데월드몰,,0.01718298128894962,0.5614077644679273,1e-06
2023-07-10 21:00:00,롯데월드잠실점,,0.012778510321390737,0.08077542186753314,1e-06
2023-07-10 21:00:00,방이동 먹자골목,,0.03844663139013965,0.04006823270217004,0.03685810550054912
2023-07-10 21:00:00,올림픽공원세계평화의문,,0.04183380087506313,0.16034716348820963,1e-06
2023-07-10 21:00:00,잠실역 롯데월드,,0.02134919806038515,0.04446042829009234,1e-06
2023-07-10 22:00:00,롯데백화점에비뉴엘월드타워점,,1e-06,0.032275143603733604,1e-06
2023-07-10 22:00:00,롯데월드몰,,0.009904680012775375,0.3243726396189822,1e-06
2023-07-10 22:00:00,롯데월드잠실점,,1e-06,0.05017891384814339,1e-06
2023-07-10 22:00:00,방이동 먹자골목,,0.03492248521205721,0.03658766333921686,0.033441812318646444
2023-07-10 22:00:00,올림픽공원세계평화의문,,0.019621923704046144,0.08239291370578672,1e-06
2023-07-10 22:00:00,잠실역 롯데월드,,0.015532154740588977,0.0330478273116194,1e-06
2023-07-10 23:00:00,롯데백화점에비뉴엘월드타워점,,1e-06,0.024440727227296736,1e-06
2023-07-10 23:00:00,롯데월드몰,,0.008170668337006243,0.262752340803477,1e-06
2023-07-10 23:00:00,롯데월드잠실점,,1e-06,0.048403612911547544,1e-06
2023-07-10 23:00:00,방이동 먹자골목,,0.031137485115176278,0.03267721330001161,0.029576438588695148
2023-07-10 23:00:00,올림픽공원세계평화의문,,1e-06,0.03027668976700716,1e-06
2023-07-10 23:00:00,잠실역 롯데월드,,0.012058098583588566,0.02566002261976744,1e-06
2023-07-11 00:00:00,롯데백화점에비뉴엘월드타워점,,1e-06,0.02617661092959443,1e-06
2023-07-11 00:00:00,롯데월드몰,,0.004359191835628155,0.14997910307313983,1e-06
2023-07-11 00:00:00,롯데월드잠실점,,1e-06,0.04609300818419002,1e-06
2023-07-11 00:00:00,방이동 먹자골목,,0.027411863104046905,0.028977500987477024,0.025846500807865554
2023-07-11 00:00:00,올림픽공원세계평화의문,,1e-06,0.0288489159741142,1e-06
2023-07-11 00:00:00,잠실역 롯데월드,,0.010423303619791914,0.022771004380600594,1e-06
2023-07-11 01:00:00,롯데백화점에비뉴엘월드타워점,,1e-06,0.025878384449748635,1e-06
2023-07-11 01:00:00,롯데월드몰,,0.010324084672444403,0.35330656598620375,1e-06
2023-07-11 01:00:00,롯데월드잠실점,,0.004709610829801173,0.05483994363338341,1e-06
2023-07-11 01:00:00,방이동 먹자골목,,0.025013655334767296,0.02652965021078294,0.023442720371042208
2023-07-11 01:00:00,올림픽공원세계평화의문,,1e-06,0.03515632624701974,1e-06
2023-07-11 01:00:00,잠실역 롯데월드,,0.010619171616669325,0.022950586094589154,1e-06
2023-07-11 02:00:00,롯데백화점에비뉴엘월드타워점,,0.0012106949494151342,0.03481393240132109,1e-06
2023-07-11 02:00:00,롯데월드몰,,0.014141539773324576,0.4818031964623051,1e-06
2023-07-11 02:00:00,롯데월드잠실점,,0.007237930827351816,0.06238706836479928,1e-06
2023-07-11 02:00:00,방이동 먹자골목,,0.023311254762240385,0.024857106045177737,0.02188221466742292
2023-07-11 02:00:00,올림픽공원세계평화의문,,1e-06,0.0333123274003797,1e-06
2023-07-11 02:00:00,잠실역 롯데월드,,0.011310326824890185,0.024460388995920377,1e-06
2023-07-11 03:00:00,롯데백화점에비뉴엘월드타워점,,0.0033890214552836995,0.03685614571916019,1e-06
2023-07-11 03:00:00,롯데월드몰,,0.014699324092462092,0.5007156849631529,1e-06
2023-07-11 03:00:00,롯데월드잠실점,,0.006347621755550833,0.05854630030121701,1e-06
2023-07-11 03:00:00,방이동 먹자골목,,0.022259108802253617,0.023885809951267677,0.020770472990970266
2023-07-11 03:00:00,올림픽공원세계평화의문,,1e-06,0.03136331794420707,1e-06
2023-07-11 03:00:00,잠실역 롯데월드,,0.011907049037307552,0.02615833225250679,1e-06
2023-07-11 04:00:00,롯데백화점에비뉴엘월드타워점,,0.004080697324895,0.03744746243066491,1e-06
2023-07-11 04:00:00,롯데월드몰,,0.01395825984888049,0.46666358609090336,1e-06
2023-07-11 04:00:00,롯데월드잠실점,,0.007424876998459726,0.062050980458605305,1e-06
2023-07-11 04:00:00,방이동 먹자골목,,0.021972785644958893,0.023543490294733235,0.02050816377753238
2023-07-11 04:00:00,올림픽공원세계평화의문,,1e-06,0.03925948428823691,1e-06
2023-07-11 04:00:00,잠실역 롯데월드,,0.012264863964075548,0.02704270379067624,1e-06
2023-07-11 05:00:00,롯데백화점에비뉴엘월드타워점,,0.005023358482100589,0.03851811982406357,1e-06
2023-07-11 05:00:00,롯데월드몰,,0.01418487460428139,0.49678453215206064,1e-06
2023-07-11 05:00:00,롯데월드잠실점,,0.010993680916592884,0.07744816313263653,1e-06
2023-07-11 05:00:00,방이동 먹자골목,,0.02252793152238229,0.024150136780058333,0.02109753491627823
2023-07-11 05:00:00,올림픽공원세계평화의문,,1e-06,0.040168773782931246,1e-06
2023-07-11 05:00:00,잠실역 롯데월드,,0.01258790823726537,0.02749902342545213,1e-06
2023-07-11 06:00:00,롯데백화점에비뉴엘월드타워점,,0.005235937776300313,0.03883029401259119,1e-06
2023-07-11 06:00:00,롯데월드몰,,0.01320643746138955,0.46648318963156704,1e-06
2023-07-11 06:00:00,롯데월드잠실점,,0.012265652440220057,0.0823469713811514,1e-06
2023-07-11 06:00:00,방이동 먹자골목,,0.024246631719712166,0.025772513256195947,0.022711521355499982
2023-07-11 06:00:00,올림픽공원세계평화의문,,1e-06,0.032006595348345615,1e-06
2023-07-11 06:00:00,잠실역 롯데월드,,0.014443973357999263,0.03160421844122382,1e-06
2023-07-11 07:00:00,롯데백화점에비뉴엘월드타워점,,0.004323811825058598,0.039062320023148515,1e-06
2023-07-11 07:00:00,롯데월드몰,,0.013700187576345713,0.48394030567978885,1e-06
2023-07-11 07:00:00,롯데월드잠실점,,0.014228119929447197,0.0935505460571994,1e-06
2023-07-11 07:00:00,방이동 먹자골목,,0.02590055969149387,0.02739704538413045,0.02438090428391305
2023-07-11 07:00:00,올림픽공원세계평화의문,,0.021563596814326163,0.09187662598779332,1e-06
2023-07-11 07:00:00,잠실역 롯데월드,,0.01627555439169176,0.03571487385408141,1e-06
2023-07-11 08:00:00,롯데백화점에비뉴엘월드타워점,,0.0032596928602575373,0.03578201400964424,1e-06
2023-07-11 08:00:00,롯데월드몰,,0.012230784231246815,0.440210290747163,1e-06
2023-07-11 08:00:00,롯데월드잠실점,,0.022183904815613574,0.13022550371425862,1e-06
2023-07-11 08:00:00,방이동 먹자골목,,0.027755730936240713,0.02944908585451786,0.0262498423861767
2023-07-11 08:00:00,올림픽공원세계평화의문,,0.05313031689740132,0.22348484787376824,1e-06
2023-07-11 08:00:00,잠실역 롯데월드,,0.019808316554915124,0.04492679480230475,1e-06
2023-07-11 09:00:00,롯데백화점에비뉴엘월드타워점,,0.006943792286327912,0.043092938305964334,1e-06
2023-07-11 09:00:00,롯데월드몰,,0.010058344668400516,0.36633607933512957,1e-06
2023-07-11 09:00:00,롯데월드잠실점,,0.045395018800340206,0.2570849724537426,1e-06
2023-07-11 09:00:00,방이동 먹자골목,,0.02977459125575272,0.03133727764541247,0.028233173097701406
2023-07-11 09:00:00,올림픽공원세계평화의문,,0.07970926055911695,0.3315895432009075,1e-06
2023-07-11 09:00:00,잠실역 롯데월드,,0.025235418982143102,0.05623866560918191,1e-06
2023-07-11 10:00:00,롯데백화점에비뉴엘월드타워점,,0.019981191616373115,0.06553844063965567,1e-06
2023-07-11 10:00:00,롯데월드몰,,0.009893669186093062,0.36112956442227856,1e-06
2023-07-11 10:00:00,롯데월드잠실점,,0.08584665548886831,0.4884345268501843,1e-06
2023-07-11 10:00:00,방이동 먹자골목,,0.03187497198448264,0.03337105694265222,0.03035539743546262
2023-07-11 10:00:00,올림픽공원세계평화의문,,0.09334710552722843,0.38541850621087165,1e-06
2023-07-11 10:00:00,잠실역 롯데월드,,0.031980949195297,0.07096467579724049,1e-06
2023-07-11 11:00:00,롯데백화점에비뉴엘월드타워점,,0.04162254302043481,0.1182112809326661,1e-06
2023-07-11 11:00:00,롯데월드몰,,0.013050748763975807,0.4819064384595613,1e-06
2023-07-11 11:00:00,롯데월드잠실점,,0.13332474817292306,0.7656983639443568,1e-06
2023-07-11 11:00:00,방이동 먹자골목,,0.03367534057955079,0.035237170602114426,0.032163337096149575
2023-07-11 11:00:00,올림픽공원세계평화의문,,0.09484979072808983,0.401190720700946,1e-06
2023-07-11 11:00:00,잠실역 롯데월드,,0.03877648331068395,0.08774775044264657,1e-06
2023-07-11 12:00:00,롯데백화점에비뉴엘월드타워점,,0.06377876347680846,0.18032850275915147,1e-06
2023-07-11 12:00:00,롯데월드몰,,0.01147114222321746,0.4283834419745253,1e-06
2023-07-11 12:00:00,롯데월드잠실점,,0.17873144309497457,1.027890143580862,1e-06
2023-07-11 12:00:00,방이동 먹자골목,,0.03481649350878975,0.03642741445706489,0.033264989260073805
2023-07-11 12:00:00,올림픽공원세계평화의문,,0.08258992658728187,0.34305656863323714,1e-06
2023-07-11 12:00:00,잠실역 롯데월드,,0.042798237843645746,0.0971358240003959,1e-06
2023-07-11 13:00:00,롯데백화점에비뉴엘월드타워점,,0.07965255283537524,0.22759787904236964,1e-06
2023-07-11 13:00:00,롯데월드몰,,0.014621739646822755,0.5441012838766902,1e-06
2023-07-11 13:00:00,롯데월드잠실점,,0.19634210354406884,1.1593169787672046,1e-06
2023-07-11 13:00:00,방이동 먹자골목,,0.03446872034950276,0.03602305767335886,0.032987441433413665
2023-07-11 13:00:00,올림픽공원세계평화의문,,0.079932338299186,0.3320187485070325,1e-06
2023-07-11 13:00:00,잠실역 롯데월드,,0.046185169947843836,0.10510160364057221,1e-06
2023-07-11 14:00:00,롯데백화점에비뉴엘월드타워점,,0.08470386428204364,0.24598594833831025,1e-06
2023-07-11 14:00:00,롯데월드몰,,0.014750351294059421,0.5564863781244894,1e-06
2023-07-11 14:00:00,롯데월드잠실점,,0.19618948728253316,1.1584413795445858,1e-06
2023-07-11 14:00:00,방이동 먹자골목,,0.03329396337565656,0.03476782662711237,0.03164648641763804
2023-07-11 14:00:00,올림픽공원세계평화의문,,0.07925626533808514,0.33505781323451134,1e-06
2023-07-11 14:00:00,잠실역 롯데월드,,0.04765551274717844,0.10733928854717073,1e-06
2023-07-11 15:00:00,롯데백화점에비뉴엘월드타워점,,0.08283801257053502,0.23587193384694277,1e-06
2023-07-11 15:00:00,롯데월드몰,,0.01398377487098718,0.5367166544241407,1e-06
2023-07-11 15:00:00,롯데월드잠실점,,0.18976576987626814,1.1254489479506364,1e-06
2023-07-11 15:00:00,방이동 먹자골목,,0.03243736609531224,0.034003056045998827,0.030965398646617556
2023-07-11 15:00:00,올림픽공원세계평화의문,,0.07782335932959727,0.3469744036105641,1e-06
2023-07-11 15:00:00,잠실역 롯데월드,,0.04790603515601886,0.10945593839476508,1e-06
2023-07-11 16:00:00,롯데백화점에비뉴엘월드타워점,,0.0810714975510751,0.2418418566782133,1e-06
2023-07-11 16:00:00,롯데월드몰,,0.016086355169446762,0.6214984796950407,1e-06
2023-07-11 16:00:00,롯데월드잠실점,,0.18539385215391638,1.1090837583796096,1e-06
2023-07-11 16:00:00,방이동 먹자골목,,0.03306951021824298,0.034659266271476544,0.03147194559608614
2023-07-11 16:00:00,올림픽공원세계평화의문,,0.07404038482696693,0.32015261254944016,1e-06
2023-07-11 16:00:00,잠실역 롯데월드,,0.04739599124243474,0.10786184829583617,1e-06
2023-07-11 17:00:00,롯데백화점에비뉴엘월드타워점,,0.08238127897378655,0.24725680853158238,1e-06
2023-07-11 17:00:00,롯데월드몰,,0.022522699088257044,0.8769111801896526,1e-06
2023-07-11 17:00:00,롯데월드잠실점,,0.17998010513334325,1.0804809296925288,1e-06
2023-07-11 17:00:00,방이동 먹자골목,,0.03548641727865105,0.037039121741474584,0.03393892128975071
2023-07-11 17:00:00,올림픽공원세계평화의문,,0.06985526383061216,0.3008812602559976,1e-06
2023-07-11 17:00:00,잠실역 롯데월드,,0.045867066589551225,0.10535261378702515,1e-06
2023-07-11 18:00:00,롯데백화점에비뉴엘월드타워점,,0.07787389173884932,0.2300836521236865,1e-06
2023-07-11 18:00:00,롯데월드몰,,0.04672019998363117,1.8271658908181143,1e-06
2023-07-11 18:00:00,롯데월드잠실점,,0.16734657407964879,1.0145820119868392,1e-06
2023-07-11 18:00:00,방이동 먹자골목,,0.03855414375772495,0.040241891715900355,0.036966628680402104
2023-07-11 18:00:00,올림픽공원세계평화의문,,0.0682774568594671,0.28943633573802025,1e-06
2023-07-11 18:00:00,잠실역 롯데월드,,0.04333529801640869,0.10084724123133842,1e-06
2023-07-11 19:00:00,롯데백화점에비뉴엘월드타워점,,0.06943377171369798,0.20915557146720368,1e-06
2023-07-11 19:00:00,롯데월드몰,,0.05033219908094048,1.9938014086553573,1e-06
2023-07-11 19:00:00,롯데월드잠실점,,0.13154277868881462,0.8010172121109341,1e-06
2023-07-11 19:00:00,방이동 먹자골목,,0.040991888426941264,0.04267294572956552,0.039288625665245734
2023-07-11 19:00:00,올림픽공원세계평화의문,,0.06825782369136904,0.29678559102065294,1e-06
2023-07-11 19:00:00,잠실역 롯데월드,,0.037874419582568625,0.0881238046031701,1e-06
2023-07-11 20:00:00,롯데백화점에비뉴엘월드타워점,,0.04916526224507899,0.15027228691490635,1e-06
2023-07-11 20:00:00,롯데월드몰,,0.04634979115422503,1.838341771103766,1e-06
2023-07-11 20:00:00,롯데월드잠실점,,0.08389560583777822,0.5095687353688814,1e-06
2023-07-11 20:00:00,방이동 먹자골목,,0.041276053024104475,0.04280112406348151,0.03960890629458293
2023-07-11 20:00:00,올림픽공원세계평화의문,,0.06478408425936683,0.28928186945456036,1e-06
2023-07-11 20:00:00,잠실역 롯데월드,,0.03075015121733347,0.07168681086347248,1e-06
2023-07-11 21:00:00,롯데백화점에비뉴엘월드타워점,,0.022192736170834074,0.07875480930092421,1e-06
2023-07-11 21:00:00,롯데월드몰,,0.036465404043977426,1.4543420997156986,1e-06
2023-07-11 21:00:00,롯데월드잠실점,,0.04116638375056854,0.2538383849291238,1e-06
2023-07-11 21:00:00,방이동 먹자골목,,0.0391833382179629,0.040689546430112994,0.03767379914571027
2023-07-11 21:00:00,올림픽공원세계평화의문,,0.05270346727100327,0.23317872446062304,1e-06
2023-07-11 21:00:00,잠실역 롯데월드,,0.023378893058247203,0.05499939296404055,1e-06
2023-07-11 22:00:00,롯데백화점에비뉴엘월드타워점,,1e-06,0.03254653826521556,1e-06
2023-07-11 22:00:00,롯데월드몰,,0.026231225916148064,1.0592708427618776,1e-06
2023-07-11 22:00:00,롯데월드잠실점,,0.01780957732265807,0.12010480941684465,1e-06
2023-07-11 22:00:00,방이동 먹자골목,,0.035572521069574106,0.03721993459814408,0.034092408071955564
2023-07-11 22:00:00,올림픽공원세계평화의문,,0.03252774174980143,0.14336220121298945,1e-06
2023-07-11 22:00:00,잠실역 롯데월드,,0.017353700680620084,0.0413739487846249,1e-06
2023-07-11 23:00:00,롯데백화점에비뉴엘월드타워점,,1e-06,0.03222888715821951,1e-06
2023-07-11 23:00:00,롯데월드몰,,0.02060057391113461,0.8371770996295729,1e-06
2023-07-11 23:00:00,롯데월드잠실점,,0.015450274125292497,0.10418671975884376,1e-06
2023-07-11 23:00:00,방이동 먹자골목,,0.03167677317743165,0.03317772295500605,0.03012324864475502
2023-07-11 23:00:00,올림픽공원세계평화의문,,0.01129946657171737,0.06410207424065464,1e-06
2023-07-11 23:00:00,잠실역 롯데월드,,0.013606620471436917,0.032700691340016116,1e-06
